CODIGO_PROYECTO,TIPO_CUENTA,NOMBRE_OBRA,NOMBRE_CLIENTE,TOTAL PTD,TOTAL MEC PROY,TOTAL_PDT,MARGEN,TOTAL_PDT_PREP,% AVANCE
P-1557,3. COSTO MANO DE OBRA,ROSARIO ROSALES,EBCO S.A.,-1247014.0,-301065.0,-1548079.0,0.0,0.0,0.0
P-1591,3. COSTO MANO DE OBRA,EDIFICIO ESTORIL,EBCO S.A.,-4593960.0,-2109962.0,-6703922.0,0.0,0.0,0.0
P-1592,2. COSTO MATERIALES,NUEVA COSTANERA 3300,EBCO S.A.,897720.0,0.0,897720.0,1.0503739920445994,0.0,0.0
P-1603,2. COSTO MATERIALES,FARELLONES,EMPRESA CONSTRUCTORA DLP S.A.,-30000.0,0.0,-30000.0,0.0,-13744197.0,0.0021827393772077043
P-1611,2. COSTO MATERIALES,EDIFICIO PLAZA EGAÑA,EBCO S.A.,602825.0,0.0,602825.0,1.1444404243899633,-24208141.0,-0.024901746895806664
P-1612,2. COSTO MATERIALES,BARRIO PARQUE SANTIAGO 7,CONSTRUCTORA ALTURAS DEL SUR S.A,310902.0,0.0,310902.0,0.0,-30609079.0,-0.010157182449037424
P-1620,2. COSTO MATERIALES,"OF APOQUINDO- HABILITACIONES, INTEGRACION Y ADICIONALES.",CONSTRUCTORA INARCO S.A.,-16400.0,0.0,-16400.0,0.0,-11746595.0,0.001396149267085483
P-1626,2. COSTO MATERIALES,CLINICA BIO BIO,CONSTRUCTORA LYD S.A.,682024.0,0.0,682024.0,10.029483801782003,-168705405.5,-0.004042692040475253
P-1632,2. COSTO MATERIALES,CHORRILLOS CLOROX,CONSTRUCTORA SUKSA S.A.,312558.0,0.0,312558.0,0.0,-219387084.0,-0.001424687334829611
P-1636,2. COSTO MATERIALES,SANTO DOMINGO 1410,DANACORP S.A,-455187.0,0.0,-455187.0,0.7701637310893672,-11381553.0,0.03999339984622485
P-1639,2. COSTO MATERIALES,LYON 2546,MOLLER Y PEREZ - COTAPOS CONSTRUCCIONES INDUSTRIALES S.A,-11381381.0,0.0,-11381381.0,0.48193466053638384,-18254050.0,0.6234989495481824
P-1641,2. COSTO MATERIALES,INACAP TEMUCO,DESARROLLOS CONSTRUCTIVOS AXIS SOCIEDAD ANONIMA,-1038770.0,0.0,-1038770.0,0.0,-30498737.0,0.03405944318284393
P-1642,2. COSTO MATERIALES,CORINTO,EMP. CONSTRUCTORA INGENIEROS S.A.,-3091374.0,0.0,-3091374.0,0.5684262489065376,-7385337.0,0.4185826591257786
P-1643,2. COSTO MATERIALES,CHORRILLOS M4,CONSTRUCTORA SUKSA S.A.,-433653.0,0.0,-433653.0,0.0,-49797008.3,0.008708414718158882
P-1644,2. COSTO MATERIALES,MIRADOR DE SAN CRISTOBAL,EBCO S.A.,-4583696.0,0.0,-4583696.0,0.7079814749832464,-32945669.0,0.1391289398312112
P-1645,2. COSTO MATERIALES,LOS TRES ANTONIOS,SOCIEDAD CONSTRUCTORA ECHAVARRI HERMANOS LIMITADA,-8405379.0,0.0,-8405379.0,0.3408822941767781,-8503715.0,0.988436112922411
P-1645,1. INGRESO,LOS TRES ANTONIOS,SOCIEDAD CONSTRUCTORA ECHAVARRI HERMANOS LIMITADA,17327418.0,0.0,17327418.0,0.3408822941767781,18150000.0,0.9546786776859504
P-1648,2. COSTO MATERIALES,ETAPA 2 CD PERALILLO TW,INMOBILIARIA Y RENTAS LOGÍSTICA S.A.,786912.0,0.0,786912.0,2.1696945373467114,-220215219.5,-0.003573376998132502
P-1649,2. COSTO MATERIALES,INACAP VITACURA E2,CONSTRUCTORA CUEVAS Y PURCELL S.A.,-23817896.0,0.0,-23817896.0,0.5594570113953471,-192491263.0,0.12373494582972319
P-1653,2. COSTO MATERIALES,EDUARDO DE LA BARRA,CONSTRUCTORA E INVERSIONES VITAL SPA.,-5673570.0,0.0,-5673570.0,0.5884963464134056,-10765426.0,0.5270176953517678
P-1656,2. COSTO MATERIALES,MIRADOR CLUB HÍPICO,CONSTRUCTORA VITAL EDIFICACION SPA,-7985819.0,0.0,-7985819.0,0.46822487072375907,-12184301.0,0.6554187228303043
P-1658,2. COSTO MATERIALES,VIVIPRA,VICHERAT Y PRADENAS LTDA.,-11357166.0,0.0,-11357166.0,0.6208078648898158,-38335303.0,0.29625867310870085
P-1660,2. COSTO MATERIALES,CORONEL ALVARADO,LARRAIN PRIETO RISOPATRON S.A.,-12054286.0,0.0,-12054286.0,0.3145573187873993,-13492166.0,0.8934285273394946
P-1661,2. COSTO MATERIALES,SAN VICENTE DE PAUL,DANACORP S.A,-14270769.0,0.0,-14270769.0,0.6129224609754692,-15916097.0,0.8966249074757461
P-1663,2. COSTO MATERIALES,OFICINAS EQUIFAX,CONSTRUCTORA VRK INGENIERIA LIMITADA,-154491.0,0.0,-154491.0,0.0,-28692183.0,0.005384428225625077
P-1664,2. COSTO MATERIALES,MK II PCI,COMERCIAL K SPA.,-50055425.0,0.0,-50055425.0,0.6383667609749212,-72301755.0,0.692312724635799
P-1666,2. COSTO MATERIALES,CD AXIONLONG,EBCO S.A.,-25195458.0,0.0,-25195458.0,0.6268129886869297,-45639112.4,0.5520584576487075
P-1667,3. COSTO MANO DE OBRA,ECO PLACILLA,CONSTRUCTORA ICF SPA,-37605510.0,-382370.0,-37987880.0,0.008856519415822333,-16552739.0,2.294960368794554
P-1667,2. COSTO MATERIALES,ECO PLACILLA,CONSTRUCTORA ICF SPA,-45657105.0,0.0,-45657105.0,0.008856519415822333,-36944607.0,1.2358259758995407
P-1668,2. COSTO MATERIALES,QUILLAYES PLAZA,E.MOLINA MOREL CONSTRUCTORA S.A.,-14024713.0,0.0,-14024713.0,0.3709413734778897,-14798537.0,0.9477094256006523
P-1669,3. COSTO MANO DE OBRA,DEPARTAMENTAL,EMP. CONSTRUCTORA INGENIEROS S.A.,-3313721.0,0.0,-3313721.0,0.5997798305946107,-9423692.0,0.3516372351727964
P-1669,2. COSTO MATERIALES,DEPARTAMENTAL,EMP. CONSTRUCTORA INGENIEROS S.A.,-4648895.0,0.0,-4648895.0,0.5997798305946107,-32905472.0,0.141280301343193
P-1670,2. COSTO MATERIALES,MK II SEGURIDAD Y REDES,COMERCIAL K SPA.,-56742175.0,0.0,-56742175.0,0.6514248708367071,-77955381.0,0.7278801574967608
P-1670,1. INGRESO,MK II SEGURIDAD Y REDES,COMERCIAL K SPA.,164021639.0,0.0,164021639.0,0.6514248708367071,202553946.0,0.8097676803590882
P-1672,2. COSTO MATERIALES,STA CLARA (CCDD-TELECOM),CONSTRUCTORA UPC S.A.,-46171517.0,0.0,-46171517.0,0.31450083778942584,-44333167.0,1.041466696931442
P-1672,1. INGRESO,STA CLARA (CCDD-TELECOM),CONSTRUCTORA UPC S.A.,134527241.0,0.0,134527241.0,0.31450083778942584,134443080.0,1.0006259972621872
P-1673,2. COSTO MATERIALES,INACAP TEMUCO - ETAPA A,UNIVERSIDAD TECNOLOGICA DE CHILE INACAP,-11666275.0,0.0,-11666275.0,0.5648658045846682,-10704866.0,1.0898104656331056
P-1674,2. COSTO MATERIALES,OFICINAS BEIERSDORF CHORRILLOS,CONSTRUCTORA SUKSA S.A.,-8601126.0,0.0,-8601126.0,0.6281379965058812,-12233776.0,0.703063878233507
P-1675,2. COSTO MATERIALES,PALENA II,CONSTRUCTORA MYA SPA.,-7984413.0,0.0,-7984413.0,0.2687229447010022,-7361719.0,1.0845854072941388
P-1675,1. INGRESO,PALENA II,CONSTRUCTORA MYA SPA.,17151215.0,0.0,17151215.0,0.2687229447010022,17376021.169303447,0.9870622758160199
P-1676,3. COSTO MANO DE OBRA,LO CAMPINO,EBCO S.A.,-29320930.0,0.0,-29320930.0,0.5900790986807569,-41959762.0,0.6987868520321922
P-1676,2. COSTO MATERIALES,LO CAMPINO,EBCO S.A.,-31799814.0,0.0,-31799814.0,0.5900790986807569,-41750844.0,0.7616567942913921
P-1677,3. COSTO MANO DE OBRA,GALVARINO GALLARDO,MOLLER Y PEREZ - COTAPOS CONSTRUCCIONES INDUSTRIALES S.A,-26432191.0,0.0,-26432191.0,0.3530039045446605,-18678829.0,1.415088226355089
P-1677,2. COSTO MATERIALES,GALVARINO GALLARDO,MOLLER Y PEREZ - COTAPOS CONSTRUCCIONES INDUSTRIALES S.A,-31898202.0,0.0,-31898202.0,0.3530039045446605,-35515426.0,0.8981506233375885
P-1677,1. INGRESO,GALVARINO GALLARDO,MOLLER Y PEREZ - COTAPOS CONSTRUCCIONES INDUSTRIALES S.A,90155711.0,0.0,90155711.0,0.3530039045446605,83882285.07154739,1.074788448158055
P-1679,3. COSTO MANO DE OBRA,JUAN SABAJ,CONSTRUCTORA GREVIA,-187507.0,0.0,-187507.0,0.0,-28372514.0,0.006608755219928696
P-1679,2. COSTO MATERIALES,JUAN SABAJ,CONSTRUCTORA GREVIA,-96622.0,0.0,-96622.0,0.0,-61846896.0,0.0015622772725732267
P-1680,3. COSTO MANO DE OBRA,NUEVA UNO,CONSTRUCTORA TECSA S.A.,-65429762.0,-7680021.0,-73109783.0,0.18406077825071046,-61607735.0,1.1866981150986966
P-1680,2. COSTO MATERIALES,NUEVA UNO,CONSTRUCTORA TECSA S.A.,-75910360.0,-5000000.0,-80910360.0,0.18406077825071046,-67931016.0,1.191066537264804
P-1680,1. INGRESO,NUEVA UNO,CONSTRUCTORA TECSA S.A.,188764235.0,0.0,188764235.0,0.18406077825071046,206761360.91,0.9129570156106979
P-1681,1. INGRESO, CD ROSEN (CCTV PROVISORIO),COLCHONES ROSEN SAIC,11485846.0,0.0,11485846.0,0.7126792401709026,11390647.751486275,1.0083575798840152
P-1682,3. COSTO MANO DE OBRA,PLAZA CEPPI,EMP. CONSTRUCTORA INGENIEROS S.A.,-21010033.0,-423674.0,-21433707.0,0.3708025521456961,0.0,0.0
P-1682,2. COSTO MATERIALES,PLAZA CEPPI,EMP. CONSTRUCTORA INGENIEROS S.A.,-25232525.0,0.0,-25232525.0,0.3708025521456961,-23788513.0,1.0607020707851726
P-1682,1. INGRESO,PLAZA CEPPI,EMP. CONSTRUCTORA INGENIEROS S.A.,74167866.0,0.0,74167866.0,0.3708025521456961,77511681.77212289,0.956860492564806
P-1683,2. COSTO MATERIALES,CD BP-A05,EBCO S.A.,-23738720.0,0.0,-23738720.0,0.5528991763091382,-29098536.6,0.8158045996031291
P-1684,3. COSTO MANO DE OBRA,EDIFICIO GOYCOLEA,EBCO S.A.,-12071764.0,-2048800.0,-14120564.0,0.37974177586774793,-27881386.0,0.5064512933467511
P-1684,2. COSTO MATERIALES,EDIFICIO GOYCOLEA,EBCO S.A.,-7093714.0,-12035806.0,-19129520.0,0.37974177586774793,-59464726.0,0.32169525173629826
P-1684,1. INGRESO,EDIFICIO GOYCOLEA,EBCO S.A.,28226841.0,25380000.0,53606841.0,0.37974177586774793,164431253.34631807,0.3260136981811819
P-1685,2. COSTO MATERIALES,MAPA EDIFICIOS NO OPERACIONALES,CLARO VICUÑA VALENZUELA S.A.,-16463005.0,0.0,-16463005.0,0.0416261578493033,-84597413.0,0.19460411868622982
P-1686,3. COSTO MANO DE OBRA,MACUL ICALMA,EMPRESA CONSTRUCTORA INGEVEC S.A.,-38451306.0,-3733792.0,-42185098.0,0.2597632292336103,-19743989.0,2.136604614194224
P-1686,2. COSTO MATERIALES,MACUL ICALMA,EMPRESA CONSTRUCTORA INGEVEC S.A.,-35104924.0,-2000000.0,-37104924.0,0.2597632292336103,-33753271.0,1.0992986131625584
P-1686,1. INGRESO,MACUL ICALMA,EMPRESA CONSTRUCTORA INGEVEC S.A.,99626406.0,7488000.0,107114406.0,0.2597632292336103,105081270.12698555,1.0193482232424247
P-1687,3. COSTO MANO DE OBRA,ROJAS MAGALLANES,E.MOLINA MOREL CONSTRUCTORA S.A.,-7395436.0,0.0,-7395436.0,0.3143502747288592,-4344898.0,1.7020965739586982
P-1687,2. COSTO MATERIALES,ROJAS MAGALLANES,E.MOLINA MOREL CONSTRUCTORA S.A.,-9683485.0,0.0,-9683485.0,0.3143502747288592,-11545480.0,0.8387251980861774
P-1687,1. INGRESO,ROJAS MAGALLANES,E.MOLINA MOREL CONSTRUCTORA S.A.,24909105.0,0.0,24909105.0,0.3143502747288592,25285885.041856248,0.9850991950160116
P-1688,3. COSTO MANO DE OBRA,SUIZA,MOLLER Y PEREZ - COTAPOS CONSTRUCCIONES INDUSTRIALES S.A,-13864767.0,-1621597.0,-15486364.0,0.15234259339570633,-7417508.0,2.0878122409844386
P-1688,2. COSTO MATERIALES,SUIZA,MOLLER Y PEREZ - COTAPOS CONSTRUCCIONES INDUSTRIALES S.A,-22350791.0,-1000000.0,-23350791.0,0.15234259339570633,-20308610.0,1.149797598161568
P-1688,1. INGRESO,SUIZA,MOLLER Y PEREZ - COTAPOS CONSTRUCCIONES INDUSTRIALES S.A,45817042.0,0.0,45817042.0,0.15234259339570633,50214086.805994794,0.9124340382215245
P-1689,2. COSTO MATERIALES,CASINO BUENAVENTURA,EBCO S.A.,-8857571.0,0.0,-8857571.0,0.5141509543633229,-10722527.0,0.826071223695683
P-1690,3. COSTO MANO DE OBRA,ONGOLMO - HOME CONDOMINIO,CANTAUCO CONSTRUCCION LTDA.,-22198403.0,-652512.0,-22850915.0,0.19907762941367815,0.0,0.0
P-1690,2. COSTO MATERIALES,ONGOLMO - HOME CONDOMINIO,CANTAUCO CONSTRUCCION LTDA.,-22241592.0,-2000000.0,-24241592.0,0.19907762941367815,-22724089.0,1.0667794867376201
P-1690,1. INGRESO,ONGOLMO - HOME CONDOMINIO,CANTAUCO CONSTRUCCION LTDA.,52317842.0,6480000.0,58797842.0,0.19907762941367815,64872885.77759347,0.9063546548796857
P-1691,3. COSTO MANO DE OBRA,ROSARIO ROSALES,CONSTRUCTORA E INMOBILIARIA PRADOVERDE LTDA.,-17223414.0,0.0,-17223414.0,0.1644129011874976,-8420659.0,2.0453760210453837
P-1691,2. COSTO MATERIALES,ROSARIO ROSALES,CONSTRUCTORA E INMOBILIARIA PRADOVERDE LTDA.,-17539613.0,0.0,-17539613.0,0.1644129011874976,-17150045.0,1.0227152756742037
P-1691,1. INGRESO,ROSARIO ROSALES,CONSTRUCTORA E INMOBILIARIA PRADOVERDE LTDA.,41603116.0,0.0,41603116.0,0.1644129011874976,5751334.0345,7.233646272402056
P-1692,3. COSTO MANO DE OBRA,JOSÉ PEREZ COTAPOS,EBCO S.A.,-45696730.0,-5303373.0,-51000103.0,-0.025556316311770303,-23173688.0,2.200776285587344
P-1692,2. COSTO MATERIALES,JOSÉ PEREZ COTAPOS,EBCO S.A.,-42748303.0,-500000.0,-43248303.0,-0.025556316311770303,-34744592.0,1.2447491972275857
P-1692,1. INGRESO,JOSÉ PEREZ COTAPOS,EBCO S.A.,85099786.0,6800000.0,91899786.0,-0.025556316311770303,91720000.0,1.0019601613606628
P-1693,3. COSTO MANO DE OBRA,VOLTA V0800,ECOBIO SPA,-26508521.0,-1271604.0,-27780125.0,0.1536209456653517,-11371251.0,2.4430139656577805
P-1693,2. COSTO MATERIALES,VOLTA V0800,ECOBIO SPA,-89612109.0,0.0,-89612109.0,0.1536209456653517,-84368545.0,1.062150698462324
P-1694,3. COSTO MANO DE OBRA,ECO HUEMUL,CONSTRUCTORA ICF SPA,-23099761.0,-5054115.0,-28153876.0,0.2349783800333496,0.0,0.0
P-1694,2. COSTO MATERIALES,ECO HUEMUL,CONSTRUCTORA ICF SPA,-26198313.0,-8000000.0,-34198313.0,0.2349783800333496,-57440940.0,0.5953647868575966
P-1694,1. INGRESO,ECO HUEMUL,CONSTRUCTORA ICF SPA,63875206.0,17628620.0,81503826.0,0.2349783800333496,189774065.86611313,0.4294782094066609
P-1695,3. COSTO MANO DE OBRA,EDIFICIO ESTORIL,EMPRESA CONSTRUCTORA BRAVO E IZQUIERDO,-13163688.0,0.0,-13163688.0,0.12505475114827527,-19577383.0,0.6723926277582658
P-1695,2. COSTO MATERIALES,EDIFICIO ESTORIL,EMPRESA CONSTRUCTORA BRAVO E IZQUIERDO,-25647031.0,-3000000.0,-28647031.0,0.12505475114827527,-41184361.0,0.6955803199180388
P-1695,1. INGRESO,EDIFICIO ESTORIL,EMPRESA CONSTRUCTORA BRAVO E IZQUIERDO,43693444.0,4093225.0,47786669.0,0.12505475114827527,94918400.0,0.5034500054783898
P-1696,3. COSTO MANO DE OBRA,SANTA VICTORIA - TERRACORP,CONSTRUCTORA TERRACORP S.A.,-35108873.0,-310358.0,-35419231.0,0.12241204319693143,0.0,0.0
P-1696,2. COSTO MATERIALES,SANTA VICTORIA - TERRACORP,CONSTRUCTORA TERRACORP S.A.,-30852143.0,0.0,-30852143.0,0.12241204319693143,-30348318.0,1.016601414285958
P-1696,1. INGRESO,SANTA VICTORIA - TERRACORP,CONSTRUCTORA TERRACORP S.A.,75515364.0,0.0,75515364.0,0.12241204319693143,75985768.28533825,0.993809310664968
P-1697,3. COSTO MANO DE OBRA,ESTOCOLMO,CONSTRUCTORA FORTALEZA S.A,-20207041.0,-4485402.0,-24692443.0,0.4205183511934425,0.0,0.0
P-1697,2. COSTO MATERIALES,ESTOCOLMO,CONSTRUCTORA FORTALEZA S.A,-28478810.0,-1000000.0,-29478810.0,0.4205183511934425,-43150692.0,0.6831596119014731
P-1697,1. INGRESO,ESTOCOLMO,CONSTRUCTORA FORTALEZA S.A,89702258.0,3780000.0,93482258.0,0.4205183511934425,97580171.13832003,0.9580046530917513
P-1698,2. COSTO MATERIALES,CD ANDES,EBCO S.A.,-25887377.0,0.0,-25887377.0,0.36113614709542224,-27960522.0,0.9258545673789638
P-1698,1. INGRESO,CD ANDES,EBCO S.A.,70273295.0,0.0,70273295.0,0.36113614709542224,57807633.83236125,1.215640398010208
P-1699,3. COSTO MANO DE OBRA,VILLA PANAMERICANA LOTE B,EMPRESA CONSTRUCTORA DLP S.A.,-22471259.0,-3166568.0,-25637827.0,0.41445974964601645,0.0,0.0
P-1699,2. COSTO MATERIALES,VILLA PANAMERICANA LOTE B,EMPRESA CONSTRUCTORA DLP S.A.,-31268214.0,-22000000.0,-53268214.0,0.41445974964601645,-156685807.0,0.3399683418677481
P-1699,1. INGRESO,VILLA PANAMERICANA LOTE B,EMPRESA CONSTRUCTORA DLP S.A.,94757672.0,40000000.0,134757672.0,0.41445974964601645,406744605.6137377,0.33130782840171635
P-1700,3. COSTO MANO DE OBRA,CD ORIZON,EBCO S.A.,-32053851.0,0.0,-32053851.0,0.24257186530539177,-22319794.0,1.4361176899750956
P-1700,2. COSTO MATERIALES,CD ORIZON,EBCO S.A.,-63411489.0,0.0,-63411489.0,0.24257186530539177,-72938784.0,0.869379574521012
P-1700,1. INGRESO,CD ORIZON,EBCO S.A.,126038809.0,0.0,126038809.0,0.24257186530539177,149471447.02094412,0.8432300048740365
P-1701,3. COSTO MANO DE OBRA,EDIFICIO ZENTENO,CONSTRUCTORA GREVIA SPA.,-25556198.0,0.0,-25556198.0,0.2610171005095846,-28379446.0,0.9005178607080632
P-1701,2. COSTO MATERIALES,EDIFICIO ZENTENO,CONSTRUCTORA GREVIA SPA.,-33214441.0,0.0,-33214441.0,0.2610171005095846,-42377348.0,0.7837781873466929
P-1701,1. INGRESO,EDIFICIO ZENTENO,CONSTRUCTORA GREVIA SPA.,79529092.0,0.0,79529092.0,0.2610171005095846,74623683.21555193,1.0657352809868512
P-1703,3. COSTO MANO DE OBRA,SANTA VICTORIA DANACORP,DANACORP S.A,-16302124.0,-369395.0,-16671519.0,0.29442073074151237,-10943242.0,1.523453378806756
P-1703,2. COSTO MATERIALES,SANTA VICTORIA DANACORP,DANACORP S.A,-20012444.0,0.0,-20012444.0,0.29442073074151237,-22488985.0,0.8898776000784384
P-1703,1. INGRESO,SANTA VICTORIA DANACORP,DANACORP S.A,51991271.0,0.0,51991271.0,0.29442073074151237,56316406.63043365,0.9231993678357965
P-1704,3. COSTO MANO DE OBRA,CD MERCADO LIBRE MEZZANINA,EBCO S.A.,-145534854.0,-12890883.0,-158425737.0,0.49003813755116055,-156095149.0,1.0149305600778151
P-1704,2. COSTO MATERIALES,CD MERCADO LIBRE MEZZANINA,EBCO S.A.,-197683461.0,-27000000.0,-224683461.0,0.49003813755116055,-387816472.0,0.5793551259988771
P-1704,1. INGRESO,CD MERCADO LIBRE MEZZANINA,EBCO S.A.,686431807.0,64818877.041955,751250684.041955,0.49003813755116055,1062560507.7323459,0.707019203683026
P-1705,3. COSTO MANO DE OBRA,LOS CLARINES,CONSTRUCTORA INARCO S.A.,-13614309.0,-5256672.0,-18870981.0,0.09251609229285136,-14129156.0,1.335605679489985
P-1705,2. COSTO MATERIALES,LOS CLARINES,CONSTRUCTORA INARCO S.A.,-15103951.0,-4500000.0,-19603951.0,0.09251609229285136,-21364144.0,0.9176099449619887
P-1705,1. INGRESO,LOS CLARINES,CONSTRUCTORA INARCO S.A.,30287817.0,12109554.0974235,42397371.0974235,0.09251609229285136,65889598.10132677,0.6434607634459039
P-1706,3. COSTO MANO DE OBRA,CALIFORNIA,CONSTRUCTORA E INVERSIONES VITAL SPA.,-7826478.0,-2951357.0,-10777835.0,0.431728523404236,-19349502.0,0.5570083922573305
P-1706,2. COSTO MATERIALES,CALIFORNIA,CONSTRUCTORA E INVERSIONES VITAL SPA.,-13077846.0,-4200000.0,-17277846.0,0.431728523404236,-39538656.0,0.43698617373337123
P-1706,1. INGRESO,CALIFORNIA,CONSTRUCTORA E INVERSIONES VITAL SPA.,36302208.0,13068000.0,49370208.0,0.431728523404236,104786220.54480116,0.47115171959935187
P-1707,3. COSTO MANO DE OBRA,LAS TRANQUERAS,CONSTRUCTORA SANTOLAYA LTDA.,-15597431.0,-3715026.0,-19312457.0,0.22465139002608603,-15679431.0,1.2317064949614562
P-1707,2. COSTO MATERIALES,LAS TRANQUERAS,CONSTRUCTORA SANTOLAYA LTDA.,-15982352.0,-3000000.0,-18982352.0,0.22465139002608603,-23066986.0,0.8229229427719772
P-1707,1. INGRESO,LAS TRANQUERAS,CONSTRUCTORA SANTOLAYA LTDA.,37150440.0,12240000.0,49390440.0,0.22465139002608603,67945807.15644336,0.726909312980562
P-1708,3. COSTO MANO DE OBRA,ECO ESPAÑA,CONSTRUCTORA ICF SPA,-1679752.0,-208532.0,-1888284.0,-14.842750088604786,-42796967.0,0.044121911723323755
P-1708,2. COSTO MATERIALES,ECO ESPAÑA,CONSTRUCTORA ICF SPA,-125100.0,-4200000.0,-4325100.0,-14.842750088604786,-83658973.0,0.051699176369281986
P-1708,1. INGRESO,ECO ESPAÑA,CONSTRUCTORA ICF SPA,392191.0,0.0,392191.0,-14.842750088604786,213452539.86256003,0.0018373686265458723
P-1709,3. COSTO MANO DE OBRA,CENTRO COMERCIAL PASEO SAN PEDRO,EBCO S.A.,-12711766.0,-1059219.0,-13770985.0,0.42929536578685584,-8592182.0,1.6027343228995847
P-1709,2. COSTO MATERIALES,CENTRO COMERCIAL PASEO SAN PEDRO,EBCO S.A.,-34160199.0,0.0,-34160199.0,0.42929536578685584,-44673467.0,0.7646641573621318
P-1709,1. INGRESO,CENTRO COMERCIAL PASEO SAN PEDRO,EBCO S.A.,83985973.0,0.0,83985973.0,0.42929536578685584,105853124.46769226,0.7934198770451373
P-1712,3. COSTO MANO DE OBRA,CENTRO COMERCIAL VIÑA OUTLET PARK,EBCO S.A.,-32290414.0,-5436047.0,-37726461.0,0.4973984175680389,-30109897.0,1.2529588194871606
P-1712,2. COSTO MATERIALES,CENTRO COMERCIAL VIÑA OUTLET PARK,EBCO S.A.,-45237171.0,-7700000.0,-52937171.0,0.4973984175680389,-104292394.0,0.5075841964084169
P-1712,1. INGRESO,CENTRO COMERCIAL VIÑA OUTLET PARK,EBCO S.A.,165118878.0,15269794.0,180388672.0,0.4973984175680389,215321946.831668,0.8377625906430349
P-1713,3. COSTO MANO DE OBRA,RESERVA SAN FRANCISCO,EMPRESA NACIONAL DE CONSTRUCCIÓN LAS VERTIENTES SPA,-4797703.0,-1005445.0,-5803148.0,0.3826257115054925,-19416318.0,0.29887994211878893
P-1713,2. COSTO MATERIALES,RESERVA SAN FRANCISCO,EMPRESA NACIONAL DE CONSTRUCCIÓN LAS VERTIENTES SPA,-2954283.0,-6000000.0,-8954283.0,0.3826257115054925,-55849894.0,0.1603276632897459
P-1713,1. INGRESO,RESERVA SAN FRANCISCO,EMPRESA NACIONAL DE CONSTRUCCIÓN LAS VERTIENTES SPA,4823540.0,19080000.0,23903540.0,0.3826257115054925,123509706.24103087,0.1935357206125316
P-1714,3. COSTO MANO DE OBRA,DEPARTAMENTAL II,CONSTRUCTORA FUERZA SUR DOS SPA,-16302352.0,-205777.0,-16508129.0,0.015187317844507746,-7835147.0,2.1069329011950892
P-1714,2. COSTO MATERIALES,DEPARTAMENTAL II,CONSTRUCTORA FUERZA SUR DOS SPA,-37590396.0,0.0,-37590396.0,0.015187317844507746,-29967845.0,1.2543576623544335
P-1714,1. INGRESO,DEPARTAMENTAL II,CONSTRUCTORA FUERZA SUR DOS SPA,54932807.0,0.0,54932807.0,0.015187317844507746,61454685.567952126,0.8938749989902608
P-1715,3. COSTO MANO DE OBRA,CD LO ECHEVERS,QUEZADA Y BOETSCH,-16935839.0,-4177681.0,-21113520.0,0.2262431487851795,-33061305.0,0.6386172596635251
P-1715,2. COSTO MATERIALES,CD LO ECHEVERS,QUEZADA Y BOETSCH,-27886461.0,-6000000.0,-33886461.0,0.2262431487851795,-180244214.0,0.18800304458039357
P-1715,1. INGRESO,CD LO ECHEVERS,QUEZADA Y BOETSCH,58841737.0,12240000.0,71081737.0,0.2262431487851795,335709882.4289,0.2117356107771251
P-1716,3. COSTO MANO DE OBRA,CD ASTARA,ASTARA LOGÍSTICA CHILE SPA.,-26321855.0,-1666000.0,-27987855.0,0.5315074387191264,0.0,0.0
P-1716,2. COSTO MATERIALES,CD ASTARA,ASTARA LOGÍSTICA CHILE SPA.,-31008034.0,0.0,-31008034.0,0.5315074387191264,-56794940.0,0.5459647285480009
P-1716,1. INGRESO,CD ASTARA,ASTARA LOGÍSTICA CHILE SPA.,125927056.0,0.0,125927056.0,0.5315074387191264,121165036.91180915,1.0393019241322636
P-1717,2. COSTO MATERIALES,ECO QUILÍN I,CONSTRUCTORA ICF SPA,0.0,-200000.0,-200000.0,0.7900987480439827,-70545144.0,0.002835064026518962
P-1717,1. INGRESO,ECO QUILÍN I,CONSTRUCTORA ICF SPA,0.0,952829.0,952829.0,0.7900987480439827,170782294.6054092,0.005579202470616184
P-1718,3. COSTO MANO DE OBRA,PATIO COMIDAS,EBCO S.A.,-35067373.0,-5751818.0,-40819191.0,0.5414506075707151,0.0,0.0
P-1718,2. COSTO MATERIALES,PATIO COMIDAS,EBCO S.A.,-21287133.0,-6000000.0,-27287133.0,0.5414506075707151,-67771001.00028318,0.4026373020502675
P-1718,1. INGRESO,PATIO COMIDAS,EBCO S.A.,123171387.0,25354213.7846592,148525600.7846592,0.5414506075707151,184958713.9783555,0.8030202935020416
P-1719,1. INGRESO,CD METALPAR,EBCO S.A.,131348.0,0.0,131348.0,1.0,194809188.0,0.0006742392458409097
P-1720,3. COSTO MANO DE OBRA,,,-65665.0,-65665.0,-131330.0,0.0,0.0,0.0
P-1720,1. INGRESO,,,0.0,0.0,0.0,0.0,10690929.97584,0.0
P-1721,3. COSTO MANO DE OBRA,STRIP CENTER LUIS PASTEUR,INMOBILIARIA LUIS PASTEUR S.A.,-10630621.0,-3509940.0,-14140561.0,0.20555651430865252,0.0,0.0
P-1721,2. COSTO MATERIALES,STRIP CENTER LUIS PASTEUR,INMOBILIARIA LUIS PASTEUR S.A.,-21492393.0,-2700000.0,-24192393.0,0.20555651430865252,-26959401.0,0.8973638917274164
P-1721,1. INGRESO,STRIP CENTER LUIS PASTEUR,INMOBILIARIA LUIS PASTEUR S.A.,40331329.0,7920000.0,48251329.0,0.20555651430865252,58149422.74967626,0.8297817367459359
P-1722,1. INGRESO,ECO CERRILLOS,CONSTRUCTORA ICF SPA,0.0,0.0,0.0,0.0,286693424.5,0.0
P-1723,3. COSTO MANO DE OBRA,VILLA PANAMERICANA LOTE C,CONSTRUCTORA MENA Y OVALLE S.A.,-25834725.0,-15564904.0,-41399629.0,0.3168907387855343,0.0,0.0
P-1723,2. COSTO MATERIALES,VILLA PANAMERICANA LOTE C,CONSTRUCTORA MENA Y OVALLE S.A.,-44856698.0,-31000000.0,-75856698.0,0.3168907387855343,0.0,0.0
P-1723,1. INGRESO,VILLA PANAMERICANA LOTE C,CONSTRUCTORA MENA Y OVALLE S.A.,86650911.0,85000000.0,171650911.0,0.3168907387855343,328203511.36310196,0.52300144592328
P-1724,3. COSTO MANO DE OBRA,,,-506066.0,0.0,-506066.0,0.7177534837843071,0.0,0.0
P-1724,2. COSTO MATERIALES,,,-7660814.0,0.0,-7660814.0,0.7177534837843071,-9891221.0,0.7745064032034064
P-1724,1. INGRESO,,,28935273.0,0.0,28935273.0,0.7177534837843071,28935271.0,1.000000069119795
P-1725,3. COSTO MANO DE OBRA,LO CAÑAS,CONSTRUCTORA BRISAS DE BATUCO,-5242316.0,-2536528.0,-7778844.0,0.34255288443424425,-20943950.0,0.37141246040025877
P-1725,2. COSTO MATERIALES,LO CAÑAS,CONSTRUCTORA BRISAS DE BATUCO,-10888672.0,-5500000.0,-16388672.0,0.34255288443424425,-46312307.0,0.3538729348982766
P-1725,1. INGRESO,LO CAÑAS,CONSTRUCTORA BRISAS DE BATUCO,22301272.0,14458363.0,36759635.0,0.34255288443424425,103000000.0,0.3568896601941748
P-1726,3. COSTO MANO DE OBRA,,,-8656540.0,-6002400.0,-14658940.0,0.31245113649646317,0.0,0.0
P-1726,2. COSTO MATERIALES,,,-23539593.0,-2000000.0,-25539593.0,0.31245113649646317,-31369256.0,0.8141599851778442
P-1726,1. INGRESO,,,46466438.0,12000000.0,58466438.0,0.31245113649646317,76030481.44243327,0.7689868180601758
P-1727,3. COSTO MANO DE OBRA,,,-8169893.0,-3455213.0,-11625106.0,0.3926674673880366,0.0,0.0
P-1727,2. COSTO MATERIALES,,,-13655419.0,-10000000.0,-23655419.0,0.3926674673880366,-92610838.0,0.2554281929724035
P-1727,1. INGRESO,,,28570952.0,29520000.0,58090952.0,0.3926674673880366,166727122.73335516,0.3484193276273604
P-1728,3. COSTO MANO DE OBRA,,,-630869.0,0.0,-630869.0,0.0,0.0,0.0
P-1728,2. COSTO MATERIALES,,,-1822779.0,0.0,-1822779.0,0.0,-4358412.0,0.41822090247548876
P-1729,2. COSTO MATERIALES,,,0.0,0.0,0.0,0.0,-52919434.0,-0.0
P-1557,1. INGRESO,ROSARIO ROSALES,EBCO S.A.,0.0,0.0,0.0,0.0,0.0,0.0
P-1557,2. COSTO MATERIALES,ROSARIO ROSALES,EBCO S.A.,0.0,0.0,0.0,0.0,0.0,0.0
P-1557,4. COSTO SUPERVISIÓN,ROSARIO ROSALES,EBCO S.A.,0.0,0.0,0.0,0.0,0.0,0.0
P-1591,1. INGRESO,EDIFICIO ESTORIL,EBCO S.A.,0.0,0.0,0.0,0.0,0.0,0.0
P-1591,2. COSTO MATERIALES,EDIFICIO ESTORIL,EBCO S.A.,0.0,0.0,0.0,0.0,0.0,0.0
P-1591,4. COSTO SUPERVISIÓN,EDIFICIO ESTORIL,EBCO S.A.,0.0,0.0,0.0,0.0,0.0,0.0
P-1592,1. INGRESO,NUEVA COSTANERA 3300,EBCO S.A.,17821101.0,0.0,17821101.0,1.0503739920445994,0.0,0.0
P-1592,3. COSTO MANO DE OBRA,NUEVA COSTANERA 3300,EBCO S.A.,0.0,0.0,0.0,1.0503739920445994,0.0,0.0
P-1592,4. COSTO SUPERVISIÓN,NUEVA COSTANERA 3300,EBCO S.A.,0.0,0.0,0.0,1.0503739920445994,0.0,0.0
P-1603,1. INGRESO,FARELLONES,EMPRESA CONSTRUCTORA DLP S.A.,0.0,0.0,0.0,0.0,0.0,0.0
P-1603,3. COSTO MANO DE OBRA,FARELLONES,EMPRESA CONSTRUCTORA DLP S.A.,0.0,0.0,0.0,0.0,-4345810.0,-0.0
P-1603,4. COSTO SUPERVISIÓN,FARELLONES,EMPRESA CONSTRUCTORA DLP S.A.,0.0,0.0,0.0,0.0,-869162.0,-0.0
P-1611,1. INGRESO,EDIFICIO PLAZA EGAÑA,EBCO S.A.,4173520.0,0.0,4173520.0,1.1444404243899633,0.0,0.0
P-1611,3. COSTO MANO DE OBRA,EDIFICIO PLAZA EGAÑA,EBCO S.A.,0.0,0.0,0.0,1.1444404243899633,-11033925.0,-0.0
P-1611,4. COSTO SUPERVISIÓN,EDIFICIO PLAZA EGAÑA,EBCO S.A.,0.0,0.0,0.0,1.1444404243899633,-2206785.0,-0.0
P-1612,1. INGRESO,BARRIO PARQUE SANTIAGO 7,CONSTRUCTORA ALTURAS DEL SUR S.A,0.0,0.0,0.0,0.0,0.0,0.0
P-1612,3. COSTO MANO DE OBRA,BARRIO PARQUE SANTIAGO 7,CONSTRUCTORA ALTURAS DEL SUR S.A,0.0,0.0,0.0,0.0,-11192188.0,-0.0
P-1612,4. COSTO SUPERVISIÓN,BARRIO PARQUE SANTIAGO 7,CONSTRUCTORA ALTURAS DEL SUR S.A,0.0,0.0,0.0,0.0,-2259746.0,-0.0
P-1620,1. INGRESO,"OF APOQUINDO- HABILITACIONES, INTEGRACION Y ADICIONALES.",CONSTRUCTORA INARCO S.A.,0.0,0.0,0.0,0.0,0.0,0.0
P-1620,3. COSTO MANO DE OBRA,"OF APOQUINDO- HABILITACIONES, INTEGRACION Y ADICIONALES.",CONSTRUCTORA INARCO S.A.,0.0,0.0,0.0,0.0,-2386955.0,-0.0
P-1620,4. COSTO SUPERVISIÓN,"OF APOQUINDO- HABILITACIONES, INTEGRACION Y ADICIONALES.",CONSTRUCTORA INARCO S.A.,0.0,0.0,0.0,0.0,-417991.0,-0.0
P-1626,1. INGRESO,CLINICA BIO BIO,CONSTRUCTORA LYD S.A.,75533.0,0.0,75533.0,10.029483801782003,0.0,0.0
P-1626,3. COSTO MANO DE OBRA,CLINICA BIO BIO,CONSTRUCTORA LYD S.A.,0.0,0.0,0.0,10.029483801782003,-40286795.0,-0.0
P-1626,4. COSTO SUPERVISIÓN,CLINICA BIO BIO,CONSTRUCTORA LYD S.A.,0.0,0.0,0.0,10.029483801782003,-8577318.0,-0.0
P-1632,1. INGRESO,CHORRILLOS CLOROX,CONSTRUCTORA SUKSA S.A.,0.0,0.0,0.0,0.0,138107706.0252684,0.0
P-1632,3. COSTO MANO DE OBRA,CHORRILLOS CLOROX,CONSTRUCTORA SUKSA S.A.,0.0,0.0,0.0,0.0,-43457804.0,-0.0
P-1632,4. COSTO SUPERVISIÓN,CHORRILLOS CLOROX,CONSTRUCTORA SUKSA S.A.,0.0,0.0,0.0,0.0,-7735858.0,-0.0
P-1636,1. INGRESO,SANTO DOMINGO 1410,DANACORP S.A,3766664.0,0.0,3766664.0,0.7701637310893672,0.0,0.0
P-1636,3. COSTO MANO DE OBRA,SANTO DOMINGO 1410,DANACORP S.A,-410529.0,0.0,-410529.0,0.7701637310893672,-6643720.0,0.0617920381954688
P-1636,4. COSTO SUPERVISIÓN,SANTO DOMINGO 1410,DANACORP S.A,0.0,0.0,0.0,0.7701637310893672,-1256920.0,-0.0
P-1639,1. INGRESO,LYON 2546,MOLLER Y PEREZ - COTAPOS CONSTRUCCIONES INDUSTRIALES S.A,24934793.0,0.0,24934793.0,0.48193466053638384,0.0,0.0
P-1639,3. COSTO MANO DE OBRA,LYON 2546,MOLLER Y PEREZ - COTAPOS CONSTRUCCIONES INDUSTRIALES S.A,-1536471.0,0.0,-1536471.0,0.48193466053638384,-7464408.0,0.20583963256027807
P-1639,4. COSTO SUPERVISIÓN,LYON 2546,MOLLER Y PEREZ - COTAPOS CONSTRUCCIONES INDUSTRIALES S.A,0.0,0.0,0.0,0.48193466053638384,-1950471.0,-0.0
P-1641,1. INGRESO,INACAP TEMUCO,DESARROLLOS CONSTRUCTIVOS AXIS SOCIEDAD ANONIMA,0.0,0.0,0.0,0.0,0.0,0.0
P-1641,3. COSTO MANO DE OBRA,INACAP TEMUCO,DESARROLLOS CONSTRUCTIVOS AXIS SOCIEDAD ANONIMA,0.0,0.0,0.0,0.0,-3473560.0,-0.0
P-1641,4. COSTO SUPERVISIÓN,INACAP TEMUCO,DESARROLLOS CONSTRUCTIVOS AXIS SOCIEDAD ANONIMA,0.0,0.0,0.0,0.0,-657160.0,-0.0
P-1642,1. INGRESO,CORINTO,EMP. CONSTRUCTORA INGENIEROS S.A.,7163026.0,0.0,7163026.0,0.5684262489065376,0.0,0.0
P-1642,3. COSTO MANO DE OBRA,CORINTO,EMP. CONSTRUCTORA INGENIEROS S.A.,0.0,0.0,0.0,0.5684262489065376,-2799066.0,-0.0
P-1642,4. COSTO SUPERVISIÓN,CORINTO,EMP. CONSTRUCTORA INGENIEROS S.A.,0.0,0.0,0.0,0.5684262489065376,-724994.0,-0.0
P-1643,1. INGRESO,CHORRILLOS M4,CONSTRUCTORA SUKSA S.A.,0.0,0.0,0.0,0.0,0.0,0.0
P-1643,3. COSTO MANO DE OBRA,CHORRILLOS M4,CONSTRUCTORA SUKSA S.A.,0.0,0.0,0.0,0.0,0.0,0.0
P-1643,4. COSTO SUPERVISIÓN,CHORRILLOS M4,CONSTRUCTORA SUKSA S.A.,0.0,0.0,0.0,0.0,0.0,0.0
P-1644,1. INGRESO,MIRADOR DE SAN CRISTOBAL,EBCO S.A.,16864978.0,0.0,16864978.0,0.7079814749832464,0.0,0.0
P-1644,3. COSTO MANO DE OBRA,MIRADOR DE SAN CRISTOBAL,EBCO S.A.,-341190.0,0.0,-341190.0,0.7079814749832464,-17038315.0,0.0200248674824946
P-1644,4. COSTO SUPERVISIÓN,MIRADOR DE SAN CRISTOBAL,EBCO S.A.,0.0,0.0,0.0,0.7079814749832464,-3683960.0,-0.0
P-1645,3. COSTO MANO DE OBRA,LOS TRES ANTONIOS,SOCIEDAD CONSTRUCTORA ECHAVARRI HERMANOS LIMITADA,-3015429.0,0.0,-3015429.0,0.3408822941767781,-2547080.0,1.183876831509022
P-1645,4. COSTO SUPERVISIÓN,LOS TRES ANTONIOS,SOCIEDAD CONSTRUCTORA ECHAVARRI HERMANOS LIMITADA,0.0,0.0,0.0,0.3408822941767781,-660864.0,-0.0
P-1648,1. INGRESO,ETAPA 2 CD PERALILLO TW,INMOBILIARIA Y RENTAS LOGÍSTICA S.A.,672750.0,0.0,672750.0,2.1696945373467114,0.0,0.0
P-1648,3. COSTO MANO DE OBRA,ETAPA 2 CD PERALILLO TW,INMOBILIARIA Y RENTAS LOGÍSTICA S.A.,0.0,0.0,0.0,2.1696945373467114,-33676709.0,-0.0
P-1648,4. COSTO SUPERVISIÓN,ETAPA 2 CD PERALILLO TW,INMOBILIARIA Y RENTAS LOGÍSTICA S.A.,0.0,0.0,0.0,2.1696945373467114,-8171095.0,-0.0
P-1649,1. INGRESO,INACAP VITACURA E2,CONSTRUCTORA CUEVAS Y PURCELL S.A.,54564902.0,0.0,54564902.0,0.5594570113953471,0.0,0.0
P-1649,3. COSTO MANO DE OBRA,INACAP VITACURA E2,CONSTRUCTORA CUEVAS Y PURCELL S.A.,-220289.0,0.0,-220289.0,0.5594570113953471,-38928950.0,0.005658744970003044
P-1649,4. COSTO SUPERVISIÓN,INACAP VITACURA E2,CONSTRUCTORA CUEVAS Y PURCELL S.A.,0.0,0.0,0.0,0.5594570113953471,-11599543.0,-0.0
P-1653,1. INGRESO,EDUARDO DE LA BARRA,CONSTRUCTORA E INVERSIONES VITAL SPA.,13787411.0,0.0,13787411.0,0.5884963464134056,0.0,0.0
P-1653,3. COSTO MANO DE OBRA,EDUARDO DE LA BARRA,CONSTRUCTORA E INVERSIONES VITAL SPA.,0.0,0.0,0.0,0.5884963464134056,-3230898.0,-0.0
P-1653,4. COSTO SUPERVISIÓN,EDUARDO DE LA BARRA,CONSTRUCTORA E INVERSIONES VITAL SPA.,0.0,0.0,0.0,0.5884963464134056,-773943.0,-0.0
P-1656,1. INGRESO,MIRADOR CLUB HÍPICO,CONSTRUCTORA VITAL EDIFICACION SPA,16765455.0,0.0,16765455.0,0.46822487072375907,36463980.0,0.45978126907704536
P-1656,3. COSTO MANO DE OBRA,MIRADOR CLUB HÍPICO,CONSTRUCTORA VITAL EDIFICACION SPA,-929633.0,0.0,-929633.0,0.46822487072375907,-5187572.0,0.1792038741823728
P-1656,4. COSTO SUPERVISIÓN,MIRADOR CLUB HÍPICO,CONSTRUCTORA VITAL EDIFICACION SPA,0.0,0.0,0.0,0.46822487072375907,-1293524.0,-0.0
P-1658,1. INGRESO,VIVIPRA,VICHERAT Y PRADENAS LTDA.,30794481.0,0.0,30794481.0,0.6208078648898158,0.0,0.0
P-1658,3. COSTO MANO DE OBRA,VIVIPRA,VICHERAT Y PRADENAS LTDA.,-319859.0,0.0,-319859.0,0.6208078648898158,-8470198.0,0.0377628716589624
P-1658,4. COSTO SUPERVISIÓN,VIVIPRA,VICHERAT Y PRADENAS LTDA.,0.0,0.0,0.0,0.6208078648898158,-1908953.0,-0.0
P-1660,1. INGRESO,CORONEL ALVARADO,LARRAIN PRIETO RISOPATRON S.A.,26532592.0,0.0,26532592.0,0.3145573187873993,39366390.0,0.6739909857114152
P-1660,3. COSTO MANO DE OBRA,CORONEL ALVARADO,LARRAIN PRIETO RISOPATRON S.A.,-6132285.0,0.0,-6132285.0,0.3145573187873993,-5998123.0,1.0223673305799164
P-1660,4. COSTO SUPERVISIÓN,CORONEL ALVARADO,LARRAIN PRIETO RISOPATRON S.A.,0.0,0.0,0.0,0.3145573187873993,-1495636.0,-0.0
P-1661,1. INGRESO,SAN VICENTE DE PAUL,DANACORP S.A,39824566.0,0.0,39824566.0,0.6129224609754692,48586986.0,0.8196549997976824
P-1661,3. COSTO MANO DE OBRA,SAN VICENTE DE PAUL,DANACORP S.A,-1144426.0,0.0,-1144426.0,0.6129224609754692,-8083499.0,0.14157557265733564
P-1661,4. COSTO SUPERVISIÓN,SAN VICENTE DE PAUL,DANACORP S.A,0.0,0.0,0.0,0.6129224609754692,-2015626.0,-0.0
P-1663,1. INGRESO,OFICINAS EQUIFAX,CONSTRUCTORA VRK INGENIERIA LIMITADA,0.0,0.0,0.0,0.0,65362150.0,0.0
P-1663,3. COSTO MANO DE OBRA,OFICINAS EQUIFAX,CONSTRUCTORA VRK INGENIERIA LIMITADA,0.0,0.0,0.0,0.0,-12474520.0,-0.0
P-1663,4. COSTO SUPERVISIÓN,OFICINAS EQUIFAX,CONSTRUCTORA VRK INGENIERIA LIMITADA,0.0,0.0,0.0,0.0,-2318715.0,-0.0
P-1664,1. INGRESO,MK II PCI,COMERCIAL K SPA.,138414890.0,0.0,138414890.0,0.6383667609749212,0.0,0.0
P-1664,3. COSTO MANO DE OBRA,MK II PCI,COMERCIAL K SPA.,0.0,0.0,0.0,0.6383667609749212,-343022.0,-0.0
P-1664,4. COSTO SUPERVISIÓN,MK II PCI,COMERCIAL K SPA.,0.0,0.0,0.0,0.6383667609749212,-76676.0,-0.0
P-1666,1. INGRESO,CD AXIONLONG,EBCO S.A.,72760796.0,0.0,72760796.0,0.6268129886869297,0.0,0.0
P-1666,3. COSTO MANO DE OBRA,CD AXIONLONG,EBCO S.A.,-1957926.0,0.0,-1957926.0,0.6268129886869297,-8652090.0,0.22629514949567098
P-1666,4. COSTO SUPERVISIÓN,CD AXIONLONG,EBCO S.A.,0.0,0.0,0.0,0.6268129886869297,-1955309.0,-0.0
P-1667,1. INGRESO,ECO PLACILLA,CONSTRUCTORA ICF SPA,84392408.0,0.0,84392408.0,0.008856519415822333,85409828.0,0.9880877877426472
P-1667,4. COSTO SUPERVISIÓN,ECO PLACILLA,CONSTRUCTORA ICF SPA,0.0,0.0,0.0,0.008856519415822333,-4127436.0,-0.0
P-1668,1. INGRESO,QUILLAYES PLAZA,E.MOLINA MOREL CONSTRUCTORA S.A.,34896288.0,0.0,34896288.0,0.3709413734778897,37160752.59909741,0.9390630048985497
P-1668,3. COSTO MANO DE OBRA,QUILLAYES PLAZA,E.MOLINA MOREL CONSTRUCTORA S.A.,-7927098.0,0.0,-7927098.0,0.3709413734778897,-6246409.0,1.2690648338909605
P-1668,4. COSTO SUPERVISIÓN,QUILLAYES PLAZA,E.MOLINA MOREL CONSTRUCTORA S.A.,0.0,0.0,0.0,0.3709413734778897,-1557545.0,-0.0
P-1669,1. INGRESO,DEPARTAMENTAL,EMP. CONSTRUCTORA INGENIEROS S.A.,19895589.0,0.0,19895589.0,0.5997798305946107,80678430.0,0.24660357173534486
P-1669,4. COSTO SUPERVISIÓN,DEPARTAMENTAL,EMP. CONSTRUCTORA INGENIEROS S.A.,0.0,0.0,0.0,0.5997798305946107,-2037555.0,-0.0
P-1670,3. COSTO MANO DE OBRA,MK II SEGURIDAD Y REDES,COMERCIAL K SPA.,-431689.0,0.0,-431689.0,0.6514248708367071,-15678882.0,0.02753314936613465
P-1670,4. COSTO SUPERVISIÓN,MK II SEGURIDAD Y REDES,COMERCIAL K SPA.,0.0,0.0,0.0,0.6514248708367071,-3716166.0,-0.0
P-1672,3. COSTO MANO DE OBRA,STA CLARA (CCDD-TELECOM),CONSTRUCTORA UPC S.A.,-46046794.0,0.0,-46046794.0,0.31450083778942584,-37544381.0,1.2264629958874538
P-1672,4. COSTO SUPERVISIÓN,STA CLARA (CCDD-TELECOM),CONSTRUCTORA UPC S.A.,0.0,0.0,0.0,0.31450083778942584,-8009468.0,-0.0
P-1673,1. INGRESO,INACAP TEMUCO - ETAPA A,UNIVERSIDAD TECNOLOGICA DE CHILE INACAP,26810752.0,0.0,26810752.0,0.5648658045846682,0.0,0.0
P-1673,3. COSTO MANO DE OBRA,INACAP TEMUCO - ETAPA A,UNIVERSIDAD TECNOLOGICA DE CHILE INACAP,0.0,0.0,0.0,0.5648658045846682,-4410983.0,-0.0
P-1673,4. COSTO SUPERVISIÓN,INACAP TEMUCO - ETAPA A,UNIVERSIDAD TECNOLOGICA DE CHILE INACAP,0.0,0.0,0.0,0.5648658045846682,-779013.0,-0.0
P-1674,1. INGRESO,OFICINAS BEIERSDORF CHORRILLOS,CONSTRUCTORA SUKSA S.A.,23646019.0,0.0,23646019.0,0.6281379965058812,28602126.0,0.8267224261581114
P-1674,3. COSTO MANO DE OBRA,OFICINAS BEIERSDORF CHORRILLOS,CONSTRUCTORA SUKSA S.A.,-191930.0,0.0,-191930.0,0.6281379965058812,-3393978.0,0.056550160313355004
P-1674,4. COSTO SUPERVISIÓN,OFICINAS BEIERSDORF CHORRILLOS,CONSTRUCTORA SUKSA S.A.,0.0,0.0,0.0,0.6281379965058812,-736437.0,-0.0
P-1675,3. COSTO MANO DE OBRA,PALENA II,CONSTRUCTORA MYA SPA.,-4557877.0,0.0,-4557877.0,0.2687229447010022,-2481400.0,1.8368167163697913
P-1675,4. COSTO SUPERVISIÓN,PALENA II,CONSTRUCTORA MYA SPA.,0.0,0.0,0.0,0.2687229447010022,-466503.0,-0.0
P-1676,1. INGRESO,LO CAMPINO,EBCO S.A.,149103751.0,0.0,149103751.0,0.5900790986807569,153113097.13800135,0.9738144795386922
P-1676,4. COSTO SUPERVISIÓN,LO CAMPINO,EBCO S.A.,0.0,0.0,0.0,0.5900790986807569,-8951416.0,-0.0
P-1677,4. COSTO SUPERVISIÓN,GALVARINO GALLARDO,MOLLER Y PEREZ - COTAPOS CONSTRUCCIONES INDUSTRIALES S.A,0.0,0.0,0.0,0.3530039045446605,-4657579.0,-0.0
P-1679,1. INGRESO,JUAN SABAJ,CONSTRUCTORA GREVIA,0.0,0.0,0.0,0.0,169118040.0,0.0
P-1679,4. COSTO SUPERVISIÓN,JUAN SABAJ,CONSTRUCTORA GREVIA,0.0,0.0,0.0,0.0,-6052803.0,-0.0
P-1680,4. COSTO SUPERVISIÓN,NUEVA UNO,CONSTRUCTORA TECSA S.A.,0.0,0.0,0.0,0.18406077825071046,-13142983.0,-0.0
P-1681,2. COSTO MATERIALES, CD ROSEN (CCTV PROVISORIO),COLCHONES ROSEN SAIC,-2962572.0,0.0,-2962572.0,0.7126792401709026,-4132408.0,0.7169117860579111
P-1681,3. COSTO MANO DE OBRA, CD ROSEN (CCTV PROVISORIO),COLCHONES ROSEN SAIC,-337550.0,0.0,-337550.0,0.7126792401709026,-2136024.0,0.15802725063014272
P-1681,4. COSTO SUPERVISIÓN, CD ROSEN (CCTV PROVISORIO),COLCHONES ROSEN SAIC,0.0,0.0,0.0,0.7126792401709026,-532619.0,-0.0
P-1682,4. COSTO SUPERVISIÓN,PLAZA CEPPI,EMP. CONSTRUCTORA INGENIEROS S.A.,0.0,0.0,0.0,0.3708025521456961,0.0,0.0
P-1683,1. INGRESO,CD BP-A05,EBCO S.A.,53738729.0,0.0,53738729.0,0.5528991763091382,57098333.67931753,0.9411610731376832
P-1683,3. COSTO MANO DE OBRA,CD BP-A05,EBCO S.A.,-287910.0,0.0,-287910.0,0.5528991763091382,-8303894.0,0.03467168535629188
P-1683,4. COSTO SUPERVISIÓN,CD BP-A05,EBCO S.A.,0.0,0.0,0.0,0.5528991763091382,-1865714.0,-0.0
P-1684,4. COSTO SUPERVISIÓN,EDIFICIO GOYCOLEA,EBCO S.A.,0.0,0.0,0.0,0.37974177586774793,-5137694.0,-0.0
P-1685,1. INGRESO,MAPA EDIFICIOS NO OPERACIONALES,CLARO VICUÑA VALENZUELA S.A.,48965677.0,0.0,48965677.0,0.0416261578493033,153894009.9611333,0.3181779265636559
P-1685,3. COSTO MANO DE OBRA,MAPA EDIFICIOS NO OPERACIONALES,CLARO VICUÑA VALENZUELA S.A.,-30464419.0,0.0,-30464419.0,0.0416261578493033,-15860365.0,1.9207892756566447
P-1685,4. COSTO SUPERVISIÓN,MAPA EDIFICIOS NO OPERACIONALES,CLARO VICUÑA VALENZUELA S.A.,0.0,0.0,0.0,0.0416261578493033,-2921087.0,-0.0
P-1686,4. COSTO SUPERVISIÓN,MACUL ICALMA,EMPRESA CONSTRUCTORA INGEVEC S.A.,0.0,0.0,0.0,0.2597632292336103,-4212051.0,-0.0
P-1687,4. COSTO SUPERVISIÓN,ROJAS MAGALLANES,E.MOLINA MOREL CONSTRUCTORA S.A.,0.0,0.0,0.0,0.3143502747288592,-1083403.0,-0.0
P-1688,4. COSTO SUPERVISIÓN,SUIZA,MOLLER Y PEREZ - COTAPOS CONSTRUCCIONES INDUSTRIALES S.A,0.0,0.0,0.0,0.15234259339570633,-1849560.0,-0.0
P-1689,1. INGRESO,CASINO BUENAVENTURA,EBCO S.A.,22795459.0,0.0,22795459.0,0.5141509543633229,20986779.504522532,1.0861818505830163
P-1689,3. COSTO MANO DE OBRA,CASINO BUENAVENTURA,EBCO S.A.,-2217581.0,0.0,-2217581.0,0.5141509543633229,-2190200.0,1.0125015980275773
P-1689,4. COSTO SUPERVISIÓN,CASINO BUENAVENTURA,EBCO S.A.,0.0,0.0,0.0,0.5141509543633229,-491478.0,-0.0
P-1690,4. COSTO SUPERVISIÓN,ONGOLMO - HOME CONDOMINIO,CANTAUCO CONSTRUCCION LTDA.,0.0,0.0,0.0,0.19907762941367815,0.0,0.0
P-1691,4. COSTO SUPERVISIÓN,ROSARIO ROSALES,CONSTRUCTORA E INMOBILIARIA PRADOVERDE LTDA.,0.0,0.0,0.0,0.1644129011874976,-2099697.0,-0.0
P-1692,4. COSTO SUPERVISIÓN,JOSÉ PEREZ COTAPOS,EBCO S.A.,0.0,0.0,0.0,-0.025556316311770303,-5768030.0,-0.0
P-1693,1. INGRESO,VOLTA V0800,ECOBIO SPA,138699361.0,0.0,138699361.0,0.1536209456653517,141116486.0,0.9828714201400962
P-1693,4. COSTO SUPERVISIÓN,VOLTA V0800,ECOBIO SPA,0.0,0.0,0.0,0.1536209456653517,-2506554.0,-0.0
P-1694,4. COSTO SUPERVISIÓN,ECO HUEMUL,CONSTRUCTORA ICF SPA,0.0,0.0,0.0,0.2349783800333496,0.0,0.0
P-1695,4. COSTO SUPERVISIÓN,EDIFICIO ESTORIL,EMPRESA CONSTRUCTORA BRAVO E IZQUIERDO,0.0,0.0,0.0,0.12505475114827527,-4879045.0,-0.0
P-1696,4. COSTO SUPERVISIÓN,SANTA VICTORIA - TERRACORP,CONSTRUCTORA TERRACORP S.A.,0.0,0.0,0.0,0.12241204319693143,0.0,0.0
P-1697,4. COSTO SUPERVISIÓN,ESTOCOLMO,CONSTRUCTORA FORTALEZA S.A,0.0,0.0,0.0,0.4205183511934425,0.0,0.0
P-1698,3. COSTO MANO DE OBRA,CD ANDES,EBCO S.A.,-19007691.0,0.0,-19007691.0,0.36113614709542224,-6815995.0,2.788689105552454
P-1698,4. COSTO SUPERVISIÓN,CD ANDES,EBCO S.A.,0.0,0.0,0.0,0.36113614709542224,-1552353.0,-0.0
P-1699,4. COSTO SUPERVISIÓN,VILLA PANAMERICANA LOTE B,EMPRESA CONSTRUCTORA DLP S.A.,0.0,0.0,0.0,0.41445974964601645,0.0,0.0
P-1700,4. COSTO SUPERVISIÓN,CD ORIZON,EBCO S.A.,0.0,0.0,0.0,0.24257186530539177,-35002.0,-0.0
P-1701,4. COSTO SUPERVISIÓN,EDIFICIO ZENTENO,CONSTRUCTORA GREVIA SPA.,0.0,0.0,0.0,0.2610171005095846,-3113372.0,-0.0
P-1703,4. COSTO SUPERVISIÓN,SANTA VICTORIA DANACORP,DANACORP S.A,0.0,0.0,0.0,0.29442073074151237,-2728704.0,-0.0
P-1704,4. COSTO SUPERVISIÓN,CD MERCADO LIBRE MEZZANINA,EBCO S.A.,0.0,0.0,0.0,0.49003813755116055,-31281353.0,-0.0
P-1705,4. COSTO SUPERVISIÓN,LOS CLARINES,CONSTRUCTORA INARCO S.A.,0.0,0.0,0.0,0.09251609229285136,-3523114.0,-0.0
P-1706,4. COSTO SUPERVISIÓN,CALIFORNIA,CONSTRUCTORA E INVERSIONES VITAL SPA.,0.0,0.0,0.0,0.431728523404236,-4824811.0,-0.0
P-1707,4. COSTO SUPERVISIÓN,LAS TRANQUERAS,CONSTRUCTORA SANTOLAYA LTDA.,0.0,0.0,0.0,0.22465139002608603,-3909676.0,-0.0
P-1708,4. COSTO SUPERVISIÓN,ECO ESPAÑA,CONSTRUCTORA ICF SPA,0.0,0.0,0.0,-14.842750088604786,-10663380.0,-0.0
P-1709,4. COSTO SUPERVISIÓN,CENTRO COMERCIAL PASEO SAN PEDRO,EBCO S.A.,0.0,0.0,0.0,0.42929536578685584,-1433251.0,-0.0
P-1712,4. COSTO SUPERVISIÓN,CENTRO COMERCIAL VIÑA OUTLET PARK,EBCO S.A.,0.0,0.0,0.0,0.4973984175680389,-5621958.0,-0.0
P-1713,4. COSTO SUPERVISIÓN,RESERVA SAN FRANCISCO,EMPRESA NACIONAL DE CONSTRUCCIÓN LAS VERTIENTES SPA,0.0,0.0,0.0,0.3826257115054925,-4142148.0,-0.0
P-1714,4. COSTO SUPERVISIÓN,DEPARTAMENTAL II,CONSTRUCTORA FUERZA SUR DOS SPA,0.0,0.0,0.0,0.015187317844507746,-1549618.0,-0.0
P-1715,4. COSTO SUPERVISIÓN,CD LO ECHEVERS,QUEZADA Y BOETSCH,0.0,0.0,0.0,0.2262431487851795,-7424606.0,-0.0
P-1716,4. COSTO SUPERVISIÓN,CD ASTARA,ASTARA LOGÍSTICA CHILE SPA.,0.0,0.0,0.0,0.5315074387191264,0.0,0.0
P-1717,3. COSTO MANO DE OBRA,ECO QUILÍN I,CONSTRUCTORA ICF SPA,0.0,0.0,0.0,0.7900987480439827,0.0,0.0
P-1717,4. COSTO SUPERVISIÓN,ECO QUILÍN I,CONSTRUCTORA ICF SPA,0.0,0.0,0.0,0.7900987480439827,0.0,0.0
P-1718,4. COSTO SUPERVISIÓN,PATIO COMIDAS,EBCO S.A.,0.0,0.0,0.0,0.5414506075707151,0.0,0.0
P-1719,2. COSTO MATERIALES,CD METALPAR,EBCO S.A.,0.0,0.0,0.0,1.0,0.0,0.0
P-1719,3. COSTO MANO DE OBRA,CD METALPAR,EBCO S.A.,0.0,0.0,0.0,1.0,0.0,0.0
P-1719,4. COSTO SUPERVISIÓN,CD METALPAR,EBCO S.A.,0.0,0.0,0.0,1.0,0.0,0.0
P-1720,2. COSTO MATERIALES,,,0.0,0.0,0.0,0.0,-21939079.0,-0.0
P-1720,4. COSTO SUPERVISIÓN,,,0.0,0.0,0.0,0.0,0.0,0.0
P-1721,4. COSTO SUPERVISIÓN,STRIP CENTER LUIS PASTEUR,INMOBILIARIA LUIS PASTEUR S.A.,0.0,0.0,0.0,0.20555651430865252,0.0,0.0
P-1722,2. COSTO MATERIALES,ECO CERRILLOS,CONSTRUCTORA ICF SPA,0.0,0.0,0.0,0.0,-124836610.0,-0.0
P-1722,3. COSTO MANO DE OBRA,ECO CERRILLOS,CONSTRUCTORA ICF SPA,0.0,0.0,0.0,0.0,0.0,0.0
P-1722,4. COSTO SUPERVISIÓN,ECO CERRILLOS,CONSTRUCTORA ICF SPA,0.0,0.0,0.0,0.0,0.0,0.0
P-1723,4. COSTO SUPERVISIÓN,VILLA PANAMERICANA LOTE C,CONSTRUCTORA MENA Y OVALLE S.A.,0.0,0.0,0.0,0.3168907387855343,0.0,0.0
P-1724,4. COSTO SUPERVISIÓN,,,0.0,0.0,0.0,0.7177534837843071,0.0,0.0
P-1725,4. COSTO SUPERVISIÓN,LO CAÑAS,CONSTRUCTORA BRISAS DE BATUCO,0.0,0.0,0.0,0.34255288443424425,-4468043.0,-0.0
P-1726,4. COSTO SUPERVISIÓN,,,0.0,0.0,0.0,0.31245113649646317,0.0,0.0
P-1727,4. COSTO SUPERVISIÓN,,,0.0,0.0,0.0,0.3926674673880366,0.0,0.0
P-1728,1. INGRESO,,,0.0,0.0,0.0,0.0,7874868.0,0.0
P-1728,4. COSTO SUPERVISIÓN,,,0.0,0.0,0.0,0.0,0.0,0.0
P-1729,1. INGRESO,,,0.0,0.0,0.0,0.0,0.0,0.0
P-1729,3. COSTO MANO DE OBRA,,,0.0,0.0,0.0,0.0,-28573483.46,-0.0
P-1729,4. COSTO SUPERVISIÓN,,,0.0,0.0,0.0,0.0,-6349662.992000001,-0.0
1. TOTAL,4. COSTO SUPERVISIÓN,1. TOTAL,1. TOTAL,-74516421.0,-4643261.0,-79159682.0,0.365705772469762,-242813136.992,0.32601070510698144
1. TOTAL,1. INGRESO,1. TOTAL,1. TOTAL,4503192575.0,435681475.9240377,4938874050.924038,0.365705772469762,7812217298.512549,0.6321987551299171
1. TOTAL,2. COSTO MATERIALES,1. TOTAL,1. TOTAL,-1686220937.0,-176535806.0,-1862756743.0,0.365705772469762,-4229236304.3002834,0.4404475439468707
1. TOTAL,3. COSTO MANO DE OBRA,1. TOTAL,1. TOTAL,-1076409161.0,-114373715.0,-1190782876.0,0.365705772469762,-1139528720.46,1.0449783797632672
