CODIGO_PROYECTO,TIPO_CUENTA,TOTAL_LB,NOMBRE_OBRA,NOMBRE_CLIENTE,TOTAL YTD,TOTAL LB OLD,TOTAL_PDT,MARGEN,TOTAL_PDT_PROY,% AVANCE
P-1557,3. COSTO MANO DE OBRA,0.0,ROSARIO ROSALES,EBCO S.A.,-1247014.0,0.0,-1247014.0,0.0,-1548079,0.8055234907262485
P-1591,3. COSTO MANO DE OBRA,0.0,EDIFICIO ESTORIL,EBCO S.A.,-4593960.0,0.0,-4593960.0,0.0,-6703922,0.685264536192396
P-1592,2. COSTO MATERIALES,0.0,NUEVA COSTANERA 3300,EBCO S.A.,41716.0,856004.0,897720.0,1.0503739920445994,897720,1.0
P-1603,2. COSTO MATERIALES,0.0,FARELLONES,EMPRESA CONSTRUCTORA DLP S.A.,-30000.0,0.0,-30000.0,0.0,-30000,1.0
P-1611,2. COSTO MATERIALES,0.0,EDIFICIO PLAZA EGAÑA,EBCO S.A.,6648.0,596177.0,602825.0,1.1444404243899633,602825,1.0
P-1612,2. COSTO MATERIALES,0.0,BARRIO PARQUE SANTIAGO 7,CONSTRUCTORA ALTURAS DEL SUR S.A,30258.0,280644.0,310902.0,0.0,310902,1.0
P-1620,2. COSTO MATERIALES,0.0,"OF APOQUINDO- HABILITACIONES, INTEGRACION Y ADICIONALES.",CONSTRUCTORA INARCO S.A.,-16400.0,0.0,-16400.0,0.0,-16400,1.0
P-1626,2. COSTO MATERIALES,0.0,CLINICA BIO BIO,CONSTRUCTORA LYD S.A.,3460.0,678564.0,682024.0,10.029483801782003,682024,1.0
P-1632,2. COSTO MATERIALES,0.0,CHORRILLOS CLOROX,CONSTRUCTORA SUKSA S.A.,75965.0,236593.0,312558.0,0.0,312558,1.0
P-1636,2. COSTO MATERIALES,0.0,SANTO DOMINGO 1410,DANACORP S.A,0.0,-455187.0,-455187.0,0.7701637310893672,-455187,1.0
P-1639,2. COSTO MATERIALES,0.0,LYON 2546,MOLLER Y PEREZ - COTAPOS CONSTRUCCIONES INDUSTRIALES S.A,5166.0,-11386547.0,-11381381.0,0.48193466053638384,-11381381,1.0
P-1641,2. COSTO MATERIALES,0.0,INACAP TEMUCO,DESARROLLOS CONSTRUCTIVOS AXIS SOCIEDAD ANONIMA,-369720.0,-669050.0,-1038770.0,0.0,-1038770,1.0
P-1642,2. COSTO MATERIALES,0.0,CORINTO,EMP. CONSTRUCTORA INGENIEROS S.A.,8880.0,-3100254.0,-3091374.0,0.5684262489065376,-3091374,1.0
P-1643,2. COSTO MATERIALES,0.0,CHORRILLOS M4,CONSTRUCTORA SUKSA S.A.,-330968.0,-102685.0,-433653.0,0.0,-433653,1.0
P-1644,2. COSTO MATERIALES,0.0,MIRADOR DE SAN CRISTOBAL,EBCO S.A.,204032.0,-4787728.0,-4583696.0,0.7079814749832464,-4583696,1.0
P-1645,2. COSTO MATERIALES,0.0,LOS TRES ANTONIOS,SOCIEDAD CONSTRUCTORA ECHAVARRI HERMANOS LIMITADA,19980.0,-8425359.0,-8405379.0,0.3408822941767781,-8405379,1.0
P-1645,1. INGRESO,0.0,LOS TRES ANTONIOS,SOCIEDAD CONSTRUCTORA ECHAVARRI HERMANOS LIMITADA,0.0,17327418.0,17327418.0,0.3408822941767781,17327418,1.0
P-1648,2. COSTO MATERIALES,0.0,ETAPA 2 CD PERALILLO TW,INMOBILIARIA Y RENTAS LOGÍSTICA S.A.,200959.0,585953.0,786912.0,2.1696945373467114,786912,1.0
P-1649,2. COSTO MATERIALES,0.0,INACAP VITACURA E2,CONSTRUCTORA CUEVAS Y PURCELL S.A.,45255.0,-23863151.0,-23817896.0,0.5594570113953471,-23817896,1.0
P-1653,2. COSTO MATERIALES,0.0,EDUARDO DE LA BARRA,CONSTRUCTORA E INVERSIONES VITAL SPA.,9000.0,-5682570.0,-5673570.0,0.5884963464134056,-5673570,1.0
P-1656,2. COSTO MATERIALES,0.0,MIRADOR CLUB HÍPICO,CONSTRUCTORA VITAL EDIFICACION SPA,11250.0,-7997069.0,-7985819.0,0.46822487072375907,-7985819,1.0
P-1658,2. COSTO MATERIALES,0.0,VIVIPRA,VICHERAT Y PRADENAS LTDA.,47401.0,-11404567.0,-11357166.0,0.6208078648898158,-11357166,1.0
P-1660,2. COSTO MATERIALES,0.0,CORONEL ALVARADO,LARRAIN PRIETO RISOPATRON S.A.,164798.0,-12219084.0,-12054286.0,0.3145573187873993,-12054286,1.0
P-1661,2. COSTO MATERIALES,0.0,SAN VICENTE DE PAUL,DANACORP S.A,3200.0,-14273969.0,-14270769.0,0.6129224609754692,-14270769,1.0
P-1663,2. COSTO MATERIALES,0.0,OFICINAS EQUIFAX,CONSTRUCTORA VRK INGENIERIA LIMITADA,0.0,-154491.0,-154491.0,0.0,-154491,1.0
P-1664,2. COSTO MATERIALES,0.0,MK II PCI,COMERCIAL K SPA.,207670.0,-50263095.0,-50055425.0,0.6383667609749212,-50055425,1.0
P-1666,2. COSTO MATERIALES,0.0,CD AXIONLONG,EBCO S.A.,-89550.0,-25105908.0,-25195458.0,0.6268129886869297,-25195458,1.0
P-1667,3. COSTO MANO DE OBRA,0.0,ECO PLACILLA,CONSTRUCTORA ICF SPA,-6159129.0,-31446381.0,-37605510.0,0.01338737721525851,-37987880,0.989934421189074
P-1667,2. COSTO MATERIALES,0.0,ECO PLACILLA,CONSTRUCTORA ICF SPA,-2453169.0,-43203936.0,-45657105.0,0.01338737721525851,-45657105,1.0
P-1668,2. COSTO MATERIALES,0.0,QUILLAYES PLAZA,E.MOLINA MOREL CONSTRUCTORA S.A.,146500.0,-14171213.0,-14024713.0,0.3709413734778897,-14024713,1.0
P-1669,3. COSTO MANO DE OBRA,0.0,DEPARTAMENTAL,EMP. CONSTRUCTORA INGENIEROS S.A.,-156861.0,-3156860.0,-3313721.0,0.5997798305946107,-3313721,1.0
P-1669,2. COSTO MATERIALES,0.0,DEPARTAMENTAL,EMP. CONSTRUCTORA INGENIEROS S.A.,1670169.0,-6319064.0,-4648895.0,0.5997798305946107,-4648895,1.0
P-1670,2. COSTO MATERIALES,0.0,MK II SEGURIDAD Y REDES,COMERCIAL K SPA.,6945.0,-56749120.0,-56742175.0,0.6514248708367071,-56742175,1.0
P-1670,1. INGRESO,0.0,MK II SEGURIDAD Y REDES,COMERCIAL K SPA.,0.0,164021639.0,164021639.0,0.6514248708367071,164021639,1.0
P-1672,2. COSTO MATERIALES,0.0,STA CLARA (CCDD-TELECOM),CONSTRUCTORA UPC S.A.,-229982.0,-45941535.0,-46171517.0,0.31450083778942584,-46171517,1.0
P-1672,1. INGRESO,0.0,STA CLARA (CCDD-TELECOM),CONSTRUCTORA UPC S.A.,9435519.0,125091722.0,134527241.0,0.31450083778942584,134527241,1.0
P-1673,2. COSTO MATERIALES,0.0,INACAP TEMUCO - ETAPA A,UNIVERSIDAD TECNOLOGICA DE CHILE INACAP,68000.0,-11734275.0,-11666275.0,0.5648658045846682,-11666275,1.0
P-1674,2. COSTO MATERIALES,0.0,OFICINAS BEIERSDORF CHORRILLOS,CONSTRUCTORA SUKSA S.A.,23048.0,-8624174.0,-8601126.0,0.6281379965058812,-8601126,1.0
P-1675,2. COSTO MATERIALES,0.0,PALENA II,CONSTRUCTORA MYA SPA.,0.0,-7984413.0,-7984413.0,0.2687229447010022,-7984413,1.0
P-1675,1. INGRESO,0.0,PALENA II,CONSTRUCTORA MYA SPA.,398016.0,16753199.0,17151215.0,0.2687229447010022,17151215,1.0
P-1676,3. COSTO MANO DE OBRA,0.0,LO CAMPINO,EBCO S.A.,-1798488.0,-27522442.0,-29320930.0,0.5900790986807569,-29320930,1.0
P-1676,2. COSTO MATERIALES,0.0,LO CAMPINO,EBCO S.A.,-1518340.0,-30281474.0,-31799814.0,0.5900790986807569,-31799814,1.0
P-1677,3. COSTO MANO DE OBRA,0.0,GALVARINO GALLARDO,MOLLER Y PEREZ - COTAPOS CONSTRUCCIONES INDUSTRIALES S.A,-1992711.0,-24439480.0,-26432191.0,0.3530039045446605,-26432191,1.0
P-1677,2. COSTO MATERIALES,0.0,GALVARINO GALLARDO,MOLLER Y PEREZ - COTAPOS CONSTRUCCIONES INDUSTRIALES S.A,-1379557.0,-30518645.0,-31898202.0,0.3530039045446605,-31898202,1.0
P-1677,1. INGRESO,0.0,GALVARINO GALLARDO,MOLLER Y PEREZ - COTAPOS CONSTRUCCIONES INDUSTRIALES S.A,2369790.0,87785921.0,90155711.0,0.3530039045446605,90155711,1.0
P-1679,3. COSTO MANO DE OBRA,0.0,JUAN SABAJ,CONSTRUCTORA GREVIA,-187507.0,0.0,-187507.0,0.0,-187507,1.0
P-1679,2. COSTO MATERIALES,0.0,JUAN SABAJ,CONSTRUCTORA GREVIA,-96622.0,0.0,-96622.0,0.0,-96622,1.0
P-1680,3. COSTO MANO DE OBRA,0.0,NUEVA UNO,CONSTRUCTORA TECSA S.A.,-30438122.0,-34991640.0,-65429762.0,0.25108656308754673,-73109783,0.8949522117990694
P-1680,2. COSTO MATERIALES,0.0,NUEVA UNO,CONSTRUCTORA TECSA S.A.,-38487045.0,-37451265.0,-75938310.0,0.25108656308754673,-80938310,0.9382245564554041
P-1680,1. INGRESO,0.0,NUEVA UNO,CONSTRUCTORA TECSA S.A.,76988974.0,111775261.0,188764235.0,0.25108656308754673,203764235,0.9263855111766792
P-1681,1. INGRESO,0.0, CD ROSEN (CCTV PROVISORIO),COLCHONES ROSEN SAIC,765714.0,10720132.0,11485846.0,0.7126792401709026,11485846,1.0
P-1682,3. COSTO MANO DE OBRA,0.0,PLAZA CEPPI,EMP. CONSTRUCTORA INGENIEROS S.A.,-10329193.0,-10680840.0,-21010033.0,0.3765149181992104,-21433707,0.9802332839578334
P-1682,2. COSTO MATERIALES,0.0,PLAZA CEPPI,EMP. CONSTRUCTORA INGENIEROS S.A.,-10525711.0,-14706814.0,-25232525.0,0.3765149181992104,-25232525,1.0
P-1682,1. INGRESO,0.0,PLAZA CEPPI,EMP. CONSTRUCTORA INGENIEROS S.A.,40667512.0,33500354.0,74167866.0,0.3765149181992104,74167866,1.0
P-1683,2. COSTO MATERIALES,0.0,CD BP-A05,EBCO S.A.,31328.0,-23770048.0,-23738720.0,0.5528991763091382,-23738720,1.0
P-1684,3. COSTO MANO DE OBRA,0.0,EDIFICIO GOYCOLEA,EBCO S.A.,-6707469.0,-5364295.0,-12071764.0,0.32101938009995523,-14120564,0.8549066453719554
P-1684,2. COSTO MATERIALES,0.0,EDIFICIO GOYCOLEA,EBCO S.A.,-1102528.0,-5991186.0,-7093714.0,0.32101938009995523,-19129520,0.37082550947436216
P-1684,1. INGRESO,0.0,EDIFICIO GOYCOLEA,EBCO S.A.,10044427.0,18182414.0,28226841.0,0.32101938009995523,53226841,0.5303121596113509
P-1685,2. COSTO MATERIALES,0.0,MAPA EDIFICIOS NO OPERACIONALES,CLARO VICUÑA VALENZUELA S.A.,88900.0,-16551905.0,-16463005.0,0.0416261578493033,-16463005,1.0
P-1686,3. COSTO MANO DE OBRA,0.0,MACUL ICALMA,EMPRESA CONSTRUCTORA INGEVEC S.A.,-16633780.0,-21817526.0,-38451306.0,0.2616793784571532,-42185098,0.9114902613240343
P-1686,2. COSTO MATERIALES,0.0,MACUL ICALMA,EMPRESA CONSTRUCTORA INGEVEC S.A.,-12682908.0,-22422016.0,-35104924.0,0.2616793784571532,-37104924,0.9460987981002198
P-1686,1. INGRESO,0.0,MACUL ICALMA,EMPRESA CONSTRUCTORA INGEVEC S.A.,31888582.0,67737824.0,99626406.0,0.2616793784571532,104626406,0.952210917003113
P-1687,3. COSTO MANO DE OBRA,0.0,ROJAS MAGALLANES,E.MOLINA MOREL CONSTRUCTORA S.A.,-6003676.0,-1391760.0,-7395436.0,0.3143502747288592,-7395436,1.0
P-1687,2. COSTO MATERIALES,0.0,ROJAS MAGALLANES,E.MOLINA MOREL CONSTRUCTORA S.A.,-6360393.0,-3323092.0,-9683485.0,0.3143502747288592,-9683485,1.0
P-1687,1. INGRESO,0.0,ROJAS MAGALLANES,E.MOLINA MOREL CONSTRUCTORA S.A.,19576547.0,5332558.0,24909105.0,0.3143502747288592,24909105,1.0
P-1688,3. COSTO MANO DE OBRA,0.0,SUIZA,MOLLER Y PEREZ - COTAPOS CONSTRUCCIONES INDUSTRIALES S.A,-10238516.0,-3626251.0,-13864767.0,0.20956141166861011,-15486364,0.8952887198053721
P-1688,2. COSTO MATERIALES,0.0,SUIZA,MOLLER Y PEREZ - COTAPOS CONSTRUCCIONES INDUSTRIALES S.A,-14702007.0,-7648784.0,-22350791.0,0.20956141166861011,-23350791,0.9571748982721827
P-1688,1. INGRESO,0.0,SUIZA,MOLLER Y PEREZ - COTAPOS CONSTRUCCIONES INDUSTRIALES S.A,29449965.0,16367077.0,45817042.0,0.20956141166861011,48317042,0.9482584219456149
P-1689,2. COSTO MATERIALES,0.0,CASINO BUENAVENTURA,EBCO S.A.,26522.0,-8884093.0,-8857571.0,0.5141509543633229,-8857571,1.0
P-1690,3. COSTO MANO DE OBRA,0.0,ONGOLMO - HOME CONDOMINIO,CANTAUCO CONSTRUCCION LTDA.,-5817571.0,-16380832.0,-22198403.0,0.15057668089597426,-22850915,0.971444819605692
P-1690,2. COSTO MATERIALES,0.0,ONGOLMO - HOME CONDOMINIO,CANTAUCO CONSTRUCCION LTDA.,-7360105.0,-14881487.0,-22241592.0,0.15057668089597426,-24241592,0.9174971676777663
P-1690,1. INGRESO,0.0,ONGOLMO - HOME CONDOMINIO,CANTAUCO CONSTRUCCION LTDA.,16662806.0,35655036.0,52317842.0,0.15057668089597426,57317842,0.9127671275551511
P-1691,3. COSTO MANO DE OBRA,0.0,ROSARIO ROSALES,CONSTRUCTORA E INMOBILIARIA PRADOVERDE LTDA.,-252060.0,-16971354.0,-17223414.0,0.1644129011874976,-17223414,1.0
P-1691,2. COSTO MATERIALES,0.0,ROSARIO ROSALES,CONSTRUCTORA E INMOBILIARIA PRADOVERDE LTDA.,-1214688.0,-16324925.0,-17539613.0,0.1644129011874976,-17539613,1.0
P-1691,1. INGRESO,0.0,ROSARIO ROSALES,CONSTRUCTORA E INMOBILIARIA PRADOVERDE LTDA.,2124157.0,39478959.0,41603116.0,0.1644129011874976,41603116,1.0
P-1692,3. COSTO MANO DE OBRA,0.0,JOSÉ PEREZ COTAPOS,EBCO S.A.,-27116720.0,-18580010.0,-45696730.0,-0.03930969932168807,-51000103,0.8960125041316093
P-1692,2. COSTO MATERIALES,0.0,JOSÉ PEREZ COTAPOS,EBCO S.A.,-22844452.0,-19903851.0,-42748303.0,-0.03930969932168807,-43248303,0.988438852733713
P-1692,1. INGRESO,0.0,JOSÉ PEREZ COTAPOS,EBCO S.A.,46902525.0,38197261.0,85099786.0,-0.03930969932168807,91899786,0.9260063565327562
P-1693,3. COSTO MANO DE OBRA,0.0,VOLTA V0800,ECOBIO SPA,-5232840.0,-21275681.0,-26508521.0,0.1627890052067363,-27780125,0.954226123892531
P-1693,2. COSTO MATERIALES,0.0,VOLTA V0800,ECOBIO SPA,103024.0,-89715133.0,-89612109.0,0.1627890052067363,-89612109,1.0
P-1694,3. COSTO MANO DE OBRA,0.0,ECO HUEMUL,CONSTRUCTORA ICF SPA,-17678245.0,-5421516.0,-23099761.0,0.2282126808326849,-28153876,0.820482444406589
P-1694,2. COSTO MATERIALES,0.0,ECO HUEMUL,CONSTRUCTORA ICF SPA,-22032871.0,-4165442.0,-26198313.0,0.2282126808326849,-34198313,0.76607033218276
P-1694,1. INGRESO,0.0,ECO HUEMUL,CONSTRUCTORA ICF SPA,54451538.0,9423668.0,63875206.0,0.2282126808326849,82375206,0.7754178605635292
P-1695,3. COSTO MANO DE OBRA,0.0,EDIFICIO ESTORIL,EMPRESA CONSTRUCTORA BRAVO E IZQUIERDO,-5042385.0,-8121303.0,-13163688.0,0.11174960252618218,-13163688,1.0
P-1695,2. COSTO MATERIALES,0.0,EDIFICIO ESTORIL,EMPRESA CONSTRUCTORA BRAVO E IZQUIERDO,-18940946.0,-6706085.0,-25647031.0,0.11174960252618218,-28647031,0.8952771056798172
P-1695,1. INGRESO,0.0,EDIFICIO ESTORIL,EMPRESA CONSTRUCTORA BRAVO E IZQUIERDO,28719770.0,14973674.0,43693444.0,0.11174960252618218,43693444,1.0
P-1696,3. COSTO MANO DE OBRA,0.0,SANTA VICTORIA - TERRACORP,CONSTRUCTORA TERRACORP S.A.,-15747680.0,-19361193.0,-35108873.0,0.12652190883963693,-35419231,0.9912375850283142
P-1696,2. COSTO MATERIALES,0.0,SANTA VICTORIA - TERRACORP,CONSTRUCTORA TERRACORP S.A.,-20459616.0,-10392527.0,-30852143.0,0.12652190883963693,-30852143,1.0
P-1696,1. INGRESO,0.0,SANTA VICTORIA - TERRACORP,CONSTRUCTORA TERRACORP S.A.,37346142.0,38169222.0,75515364.0,0.12652190883963693,75515364,1.0
P-1697,3. COSTO MANO DE OBRA,0.0,ESTOCOLMO,CONSTRUCTORA FORTALEZA S.A,-11388112.0,-8818929.0,-20207041.0,0.45725055215443966,-24692443,0.8183492010085839
P-1697,2. COSTO MATERIALES,0.0,ESTOCOLMO,CONSTRUCTORA FORTALEZA S.A,-17660281.0,-10818529.0,-28478810.0,0.45725055215443966,-29478810,0.9660773280875313
P-1697,1. INGRESO,0.0,ESTOCOLMO,CONSTRUCTORA FORTALEZA S.A,53923452.0,35778806.0,89702258.0,0.45725055215443966,94702258,0.9472029484238909
P-1698,2. COSTO MATERIALES,0.0,CD ANDES,EBCO S.A.,924.0,-25888301.0,-25887377.0,0.36113614709542224,-25887377,1.0
P-1698,1. INGRESO,0.0,CD ANDES,EBCO S.A.,909040.0,69364255.0,70273295.0,0.36113614709542224,70273295,1.0
P-1699,3. COSTO MANO DE OBRA,0.0,VILLA PANAMERICANA LOTE B,EMPRESA CONSTRUCTORA DLP S.A.,-21466214.0,-1005045.0,-22471259.0,0.4328747016917005,-25637827,0.8764884403034625
P-1699,2. COSTO MATERIALES,0.0,VILLA PANAMERICANA LOTE B,EMPRESA CONSTRUCTORA DLP S.A.,-31245254.0,-22960.0,-31268214.0,0.4328747016917005,-53268214,0.5869957269451535
P-1699,1. INGRESO,0.0,VILLA PANAMERICANA LOTE B,EMPRESA CONSTRUCTORA DLP S.A.,94757672.0,0.0,94757672.0,0.4328747016917005,146757672,0.6456744012674173
P-1700,3. COSTO MANO DE OBRA,0.0,CD ORIZON,EBCO S.A.,-4264241.0,-27789610.0,-32053851.0,0.24257186530539177,-32053851,1.0
P-1700,2. COSTO MATERIALES,0.0,CD ORIZON,EBCO S.A.,-7753684.0,-55657805.0,-63411489.0,0.24257186530539177,-63411489,1.0
P-1700,1. INGRESO,0.0,CD ORIZON,EBCO S.A.,16747965.0,109290844.0,126038809.0,0.24257186530539177,126038809,1.0
P-1701,3. COSTO MANO DE OBRA,0.0,EDIFICIO ZENTENO,CONSTRUCTORA GREVIA SPA.,-891528.0,-24664670.0,-25556198.0,0.2610171005095846,-25556198,1.0
P-1701,2. COSTO MATERIALES,0.0,EDIFICIO ZENTENO,CONSTRUCTORA GREVIA SPA.,-1111637.0,-32102804.0,-33214441.0,0.2610171005095846,-33214441,1.0
P-1701,1. INGRESO,0.0,EDIFICIO ZENTENO,CONSTRUCTORA GREVIA SPA.,1393986.0,78135106.0,79529092.0,0.2610171005095846,79529092,1.0
P-1703,3. COSTO MANO DE OBRA,0.0,SANTA VICTORIA DANACORP,DANACORP S.A,-9066189.0,-7235935.0,-16302124.0,0.301525673415447,-16671519,0.9778427508615142
P-1703,2. COSTO MATERIALES,0.0,SANTA VICTORIA DANACORP,DANACORP S.A,-12618137.0,-7394307.0,-20012444.0,0.301525673415447,-20012444,1.0
P-1703,1. INGRESO,0.0,SANTA VICTORIA DANACORP,DANACORP S.A,35296641.0,16694630.0,51991271.0,0.301525673415447,51991271,1.0
P-1704,3. COSTO MANO DE OBRA,0.0,CD MERCADO LIBRE MEZZANINA,EBCO S.A.,-57592474.0,-87942380.0,-145534854.0,0.4999964869052171,-158425737,0.9186313837378582
P-1704,2. COSTO MATERIALES,0.0,CD MERCADO LIBRE MEZZANINA,EBCO S.A.,-72089322.0,-125594139.0,-197683461.0,0.4999964869052171,-224683461,0.879830941361545
P-1704,1. INGRESO,0.0,CD MERCADO LIBRE MEZZANINA,EBCO S.A.,220776196.0,465655611.0,686431807.0,0.4999964869052171,748431807,0.9171601214431017
P-1705,3. COSTO MANO DE OBRA,0.0,LOS CLARINES,CONSTRUCTORA INARCO S.A.,-13614309.0,0.0,-13614309.0,0.05182139736251048,-18870981,0.7214415085257094
P-1705,2. COSTO MATERIALES,0.0,LOS CLARINES,CONSTRUCTORA INARCO S.A.,-15060169.0,-43782.0,-15103951.0,0.05182139736251048,-19603951,0.7704544354349794
P-1705,1. INGRESO,0.0,LOS CLARINES,CONSTRUCTORA INARCO S.A.,30287816.0,1.0,30287817.0,0.05182139736251048,40787817,0.7425701895249751
P-1706,3. COSTO MANO DE OBRA,0.0,CALIFORNIA,CONSTRUCTORA E INVERSIONES VITAL SPA.,-7826478.0,0.0,-7826478.0,0.4241583321873975,-10777835,0.7261642064477699
P-1706,2. COSTO MATERIALES,0.0,CALIFORNIA,CONSTRUCTORA E INVERSIONES VITAL SPA.,-13077846.0,0.0,-13077846.0,0.4241583321873975,-17277846,0.7569141431171456
P-1706,1. INGRESO,0.0,CALIFORNIA,CONSTRUCTORA E INVERSIONES VITAL SPA.,36302208.0,0.0,36302208.0,0.4241583321873975,47302208,0.7674527159493274
P-1707,3. COSTO MANO DE OBRA,0.0,LAS TRANQUERAS,CONSTRUCTORA SANTOLAYA LTDA.,-7528867.0,-8068564.0,-15597431.0,0.14994861433673465,-19312457,0.8076357658686308
P-1707,2. COSTO MATERIALES,0.0,LAS TRANQUERAS,CONSTRUCTORA SANTOLAYA LTDA.,-8495556.0,-7486796.0,-15982352.0,0.14994861433673465,-18982352,0.8419584675281546
P-1707,1. INGRESO,0.0,LAS TRANQUERAS,CONSTRUCTORA SANTOLAYA LTDA.,11263421.0,25887019.0,37150440.0,0.14994861433673465,48150440,0.7715493357900779
P-1708,3. COSTO MANO DE OBRA,0.0,ECO ESPAÑA,CONSTRUCTORA ICF SPA,-1679752.0,0.0,-1679752.0,-3.601971998337545,-1888284,0.8895653408067854
P-1708,2. COSTO MATERIALES,0.0,ECO ESPAÑA,CONSTRUCTORA ICF SPA,-125100.0,0.0,-125100.0,-3.601971998337545,-4325100,0.02892418672400638
P-1708,1. INGRESO,0.0,ECO ESPAÑA,CONSTRUCTORA ICF SPA,392191.0,0.0,392191.0,-3.601971998337545,392191,1.0
P-1709,3. COSTO MANO DE OBRA,0.0,CENTRO COMERCIAL PASEO SAN PEDRO,EBCO S.A.,-10702189.0,-2009577.0,-12711766.0,0.4415452327973863,-13770985,0.9230832798089607
P-1709,2. COSTO MATERIALES,0.0,CENTRO COMERCIAL PASEO SAN PEDRO,EBCO S.A.,-26491924.0,-7698677.0,-34190601.0,0.4415452327973863,-34190601,1.0
P-1709,1. INGRESO,0.0,CENTRO COMERCIAL PASEO SAN PEDRO,EBCO S.A.,76827615.0,7158358.0,83985973.0,0.4415452327973863,83985973,1.0
P-1712,3. COSTO MANO DE OBRA,0.0,CENTRO COMERCIAL VIÑA OUTLET PARK,EBCO S.A.,-15455648.0,-16834766.0,-32290414.0,0.5298232101601369,-37726461,0.855908907013568
P-1712,2. COSTO MATERIALES,0.0,CENTRO COMERCIAL VIÑA OUTLET PARK,EBCO S.A.,-18731684.0,-26612966.0,-45344650.0,0.5298232101601369,-53044650,0.8548392721980445
P-1712,1. INGRESO,0.0,CENTRO COMERCIAL VIÑA OUTLET PARK,EBCO S.A.,32769320.0,132349558.0,165118878.0,0.5298232101601369,177618878,0.9296245976736774
P-1713,3. COSTO MANO DE OBRA,0.0,RESERVA SAN FRANCISCO,EMPRESA NACIONAL DE CONSTRUCCIÓN LAS VERTIENTES SPA,-4283233.0,-514470.0,-4797703.0,-0.6071155209659296,-5803148,0.8267414513639838
P-1713,2. COSTO MATERIALES,0.0,RESERVA SAN FRANCISCO,EMPRESA NACIONAL DE CONSTRUCCIÓN LAS VERTIENTES SPA,-2358536.0,-595747.0,-2954283.0,-0.6071155209659296,-8954283,0.32992959905332453
P-1713,1. INGRESO,0.0,RESERVA SAN FRANCISCO,EMPRESA NACIONAL DE CONSTRUCCIÓN LAS VERTIENTES SPA,4823540.0,0.0,4823540.0,-0.6071155209659296,21323540,0.226207280779833
P-1714,3. COSTO MANO DE OBRA,0.0,DEPARTAMENTAL II,CONSTRUCTORA FUERZA SUR DOS SPA,-8257826.0,-8044526.0,-16302352.0,0.01893329426985226,-16508129,0.987534807851332
P-1714,2. COSTO MATERIALES,0.0,DEPARTAMENTAL II,CONSTRUCTORA FUERZA SUR DOS SPA,-6486288.0,-31104108.0,-37590396.0,0.01893329426985226,-37590396,1.0
P-1714,1. INGRESO,0.0,DEPARTAMENTAL II,CONSTRUCTORA FUERZA SUR DOS SPA,20583182.0,34349625.0,54932807.0,0.01893329426985226,54932807,1.0
P-1715,3. COSTO MANO DE OBRA,0.0,CD LO ECHEVERS,QUEZADA Y BOETSCH,-16935839.0,0.0,-16935839.0,0.2352230866332175,-21113520,0.8021324251001254
P-1715,2. COSTO MATERIALES,0.0,CD LO ECHEVERS,QUEZADA Y BOETSCH,-28064963.0,0.0,-28064963.0,0.2352230866332175,-34064963,0.8238659469555273
P-1715,1. INGRESO,0.0,CD LO ECHEVERS,QUEZADA Y BOETSCH,58841737.0,0.0,58841737.0,0.2352230866332175,70341737,0.8365124250485881
P-1716,3. COSTO MANO DE OBRA,0.0,CD ASTARA,ASTARA LOGÍSTICA CHILE SPA.,-21988771.0,-4333084.0,-26321855.0,0.5447373199926154,-27987855,0.9404741806758682
P-1716,2. COSTO MATERIALES,0.0,CD ASTARA,ASTARA LOGÍSTICA CHILE SPA.,-26152479.0,-4855555.0,-31008034.0,0.5447373199926154,-31008034,1.0
P-1716,1. INGRESO,0.0,CD ASTARA,ASTARA LOGÍSTICA CHILE SPA.,114709839.0,11217217.0,125927056.0,0.5447373199926154,125927056,1.0
P-1717,2. COSTO MATERIALES,0.0,ECO QUILÍN I,CONSTRUCTORA ICF SPA,0.0,0.0,0.0,0.0,-200000,-0.0
P-1718,3. COSTO MANO DE OBRA,0.0,PATIO COMIDAS,EBCO S.A.,-32095673.0,-2971700.0,-35067373.0,0.541567271626161,-40819191,0.8590903479689247
P-1718,2. COSTO MATERIALES,0.0,PATIO COMIDAS,EBCO S.A.,-14072655.0,-7325767.0,-21398422.0,0.541567271626161,-27398422,0.7810092858632516
P-1718,1. INGRESO,0.0,PATIO COMIDAS,EBCO S.A.,107577081.0,15594306.0,123171387.0,0.541567271626161,142671387,0.8633222791897299
P-1719,1. INGRESO,0.0,CD METALPAR,EBCO S.A.,131348.0,0.0,131348.0,1.0,131348,1.0
P-1720,3. COSTO MANO DE OBRA,0.0,,,-65665.0,0.0,-65665.0,0.0,-131330,0.5
P-1720,1. INGRESO,0.0,,,0.0,0.0,0.0,0.0,0,0.0
P-1721,3. COSTO MANO DE OBRA,0.0,STRIP CENTER LUIS PASTEUR,INMOBILIARIA LUIS PASTEUR S.A.,-10630621.0,0.0,-10630621.0,0.20352205601754408,-14140561,0.7517821251929113
P-1721,2. COSTO MATERIALES,0.0,STRIP CENTER LUIS PASTEUR,INMOBILIARIA LUIS PASTEUR S.A.,-21492393.0,0.0,-21492393.0,0.20352205601754408,-24192393,0.8883946701758689
P-1721,1. INGRESO,0.0,STRIP CENTER LUIS PASTEUR,INMOBILIARIA LUIS PASTEUR S.A.,40331329.0,0.0,40331329.0,0.20352205601754408,46331329,0.8704979949959993
P-1722,1. INGRESO,0.0,ECO CERRILLOS,CONSTRUCTORA ICF SPA,0.0,0.0,0.0,0.0,0,0.0
P-1723,3. COSTO MANO DE OBRA,0.0,VILLA PANAMERICANA LOTE C,CONSTRUCTORA MENA Y OVALLE S.A.,-25834725.0,0.0,-25834725.0,0.1841814219356563,-41399629,0.62403276609073
P-1723,2. COSTO MATERIALES,0.0,VILLA PANAMERICANA LOTE C,CONSTRUCTORA MENA Y OVALLE S.A.,-44856698.0,0.0,-44856698.0,0.1841814219356563,-75856698,0.5913347032321391
P-1723,1. INGRESO,0.0,VILLA PANAMERICANA LOTE C,CONSTRUCTORA MENA Y OVALLE S.A.,86650911.0,0.0,86650911.0,0.1841814219356563,161650911,0.5360372574702038
P-1724,3. COSTO MANO DE OBRA,0.0,,,-506066.0,0.0,-506066.0,0.716045706567206,-506066,1.0
P-1724,2. COSTO MATERIALES,0.0,,,-7710229.0,0.0,-7710229.0,0.716045706567206,-7710229,1.0
P-1724,1. INGRESO,0.0,,,28935273.0,0.0,28935273.0,0.716045706567206,28935273,1.0
P-1725,3. COSTO MANO DE OBRA,0.0,LO CAÑAS,CONSTRUCTORA BRISAS DE BATUCO,-5242316.0,0.0,-5242316.0,0.2766785679310131,-7778844,0.6739196723831973
P-1725,2. COSTO MATERIALES,0.0,LO CAÑAS,CONSTRUCTORA BRISAS DE BATUCO,-10888672.0,0.0,-10888672.0,0.2766785679310131,-16388672,0.6644023383956918
P-1725,1. INGRESO,0.0,LO CAÑAS,CONSTRUCTORA BRISAS DE BATUCO,22301272.0,0.0,22301272.0,0.2766785679310131,36301272,0.6143385829565421
P-1726,3. COSTO MANO DE OBRA,0.0,,,-8656540.0,0.0,-8656540.0,0.3044361179567928,-14658940,0.5905297381666068
P-1726,2. COSTO MATERIALES,0.0,,,-23663836.0,0.0,-23663836.0,0.3044361179567928,-25663836,0.9220693274380338
P-1726,1. INGRESO,0.0,,,46466438.0,0.0,46466438.0,0.3044361179567928,58466438,0.7947540433367943
P-1727,3. COSTO MANO DE OBRA,0.0,,,-8169893.0,0.0,-8169893.0,0.23610133817032067,-11625106,0.7027800864783512
P-1727,2. COSTO MATERIALES,0.0,,,-13655419.0,0.0,-13655419.0,0.23610133817032067,-23655419,0.5772638819037617
P-1727,1. INGRESO,0.0,,,28570952.0,0.0,28570952.0,0.23610133817032067,55070952,0.518802580351253
P-1728,3. COSTO MANO DE OBRA,0.0,,,-630869.0,0.0,-630869.0,0.0,-630869,1.0
P-1728,2. COSTO MATERIALES,0.0,,,-1822779.0,0.0,-1822779.0,0.0,-1822779,1.0
P-1729,2. COSTO MATERIALES,0.0,,,0.0,0.0,0.0,0.0,0,0.0
P-1557,1. INGRESO,0.0,ROSARIO ROSALES,EBCO S.A.,0.0,0.0,0.0,0.0,0,0.0
P-1557,2. COSTO MATERIALES,0.0,ROSARIO ROSALES,EBCO S.A.,0.0,0.0,0.0,0.0,0,0.0
P-1557,4. COSTO SUPERVISIÓN,0.0,ROSARIO ROSALES,EBCO S.A.,0.0,0.0,0.0,0.0,0,0.0
P-1591,1. INGRESO,0.0,EDIFICIO ESTORIL,EBCO S.A.,0.0,0.0,0.0,0.0,0,0.0
P-1591,2. COSTO MATERIALES,0.0,EDIFICIO ESTORIL,EBCO S.A.,0.0,0.0,0.0,0.0,0,0.0
P-1591,4. COSTO SUPERVISIÓN,0.0,EDIFICIO ESTORIL,EBCO S.A.,0.0,0.0,0.0,0.0,0,0.0
P-1592,1. INGRESO,0.0,NUEVA COSTANERA 3300,EBCO S.A.,0.0,17821101.0,17821101.0,1.0503739920445994,17821101,1.0
P-1592,3. COSTO MANO DE OBRA,0.0,NUEVA COSTANERA 3300,EBCO S.A.,0.0,0.0,0.0,1.0503739920445994,0,0.0
P-1592,4. COSTO SUPERVISIÓN,0.0,NUEVA COSTANERA 3300,EBCO S.A.,0.0,0.0,0.0,1.0503739920445994,0,0.0
P-1603,1. INGRESO,0.0,FARELLONES,EMPRESA CONSTRUCTORA DLP S.A.,0.0,0.0,0.0,0.0,0,0.0
P-1603,3. COSTO MANO DE OBRA,0.0,FARELLONES,EMPRESA CONSTRUCTORA DLP S.A.,0.0,0.0,0.0,0.0,0,0.0
P-1603,4. COSTO SUPERVISIÓN,0.0,FARELLONES,EMPRESA CONSTRUCTORA DLP S.A.,0.0,0.0,0.0,0.0,0,0.0
P-1611,1. INGRESO,0.0,EDIFICIO PLAZA EGAÑA,EBCO S.A.,0.0,4173520.0,4173520.0,1.1444404243899633,4173520,1.0
P-1611,3. COSTO MANO DE OBRA,0.0,EDIFICIO PLAZA EGAÑA,EBCO S.A.,0.0,0.0,0.0,1.1444404243899633,0,0.0
P-1611,4. COSTO SUPERVISIÓN,0.0,EDIFICIO PLAZA EGAÑA,EBCO S.A.,0.0,0.0,0.0,1.1444404243899633,0,0.0
P-1612,1. INGRESO,0.0,BARRIO PARQUE SANTIAGO 7,CONSTRUCTORA ALTURAS DEL SUR S.A,0.0,0.0,0.0,0.0,0,0.0
P-1612,3. COSTO MANO DE OBRA,0.0,BARRIO PARQUE SANTIAGO 7,CONSTRUCTORA ALTURAS DEL SUR S.A,0.0,0.0,0.0,0.0,0,0.0
P-1612,4. COSTO SUPERVISIÓN,0.0,BARRIO PARQUE SANTIAGO 7,CONSTRUCTORA ALTURAS DEL SUR S.A,0.0,0.0,0.0,0.0,0,0.0
P-1620,1. INGRESO,0.0,"OF APOQUINDO- HABILITACIONES, INTEGRACION Y ADICIONALES.",CONSTRUCTORA INARCO S.A.,0.0,0.0,0.0,0.0,0,0.0
P-1620,3. COSTO MANO DE OBRA,0.0,"OF APOQUINDO- HABILITACIONES, INTEGRACION Y ADICIONALES.",CONSTRUCTORA INARCO S.A.,0.0,0.0,0.0,0.0,0,0.0
P-1620,4. COSTO SUPERVISIÓN,0.0,"OF APOQUINDO- HABILITACIONES, INTEGRACION Y ADICIONALES.",CONSTRUCTORA INARCO S.A.,0.0,0.0,0.0,0.0,0,0.0
P-1626,1. INGRESO,0.0,CLINICA BIO BIO,CONSTRUCTORA LYD S.A.,0.0,75533.0,75533.0,10.029483801782003,75533,1.0
P-1626,3. COSTO MANO DE OBRA,0.0,CLINICA BIO BIO,CONSTRUCTORA LYD S.A.,0.0,0.0,0.0,10.029483801782003,0,0.0
P-1626,4. COSTO SUPERVISIÓN,0.0,CLINICA BIO BIO,CONSTRUCTORA LYD S.A.,0.0,0.0,0.0,10.029483801782003,0,0.0
P-1632,1. INGRESO,0.0,CHORRILLOS CLOROX,CONSTRUCTORA SUKSA S.A.,0.0,0.0,0.0,0.0,0,0.0
P-1632,3. COSTO MANO DE OBRA,0.0,CHORRILLOS CLOROX,CONSTRUCTORA SUKSA S.A.,0.0,0.0,0.0,0.0,0,0.0
P-1632,4. COSTO SUPERVISIÓN,0.0,CHORRILLOS CLOROX,CONSTRUCTORA SUKSA S.A.,0.0,0.0,0.0,0.0,0,0.0
P-1636,1. INGRESO,0.0,SANTO DOMINGO 1410,DANACORP S.A,0.0,3766664.0,3766664.0,0.7701637310893672,3766664,1.0
P-1636,3. COSTO MANO DE OBRA,0.0,SANTO DOMINGO 1410,DANACORP S.A,0.0,-410529.0,-410529.0,0.7701637310893672,-410529,1.0
P-1636,4. COSTO SUPERVISIÓN,0.0,SANTO DOMINGO 1410,DANACORP S.A,0.0,0.0,0.0,0.7701637310893672,0,0.0
P-1639,1. INGRESO,0.0,LYON 2546,MOLLER Y PEREZ - COTAPOS CONSTRUCCIONES INDUSTRIALES S.A,0.0,24934793.0,24934793.0,0.48193466053638384,24934793,1.0
P-1639,3. COSTO MANO DE OBRA,0.0,LYON 2546,MOLLER Y PEREZ - COTAPOS CONSTRUCCIONES INDUSTRIALES S.A,0.0,-1536471.0,-1536471.0,0.48193466053638384,-1536471,1.0
P-1639,4. COSTO SUPERVISIÓN,0.0,LYON 2546,MOLLER Y PEREZ - COTAPOS CONSTRUCCIONES INDUSTRIALES S.A,0.0,0.0,0.0,0.48193466053638384,0,0.0
P-1641,1. INGRESO,0.0,INACAP TEMUCO,DESARROLLOS CONSTRUCTIVOS AXIS SOCIEDAD ANONIMA,0.0,0.0,0.0,0.0,0,0.0
P-1641,3. COSTO MANO DE OBRA,0.0,INACAP TEMUCO,DESARROLLOS CONSTRUCTIVOS AXIS SOCIEDAD ANONIMA,0.0,0.0,0.0,0.0,0,0.0
P-1641,4. COSTO SUPERVISIÓN,0.0,INACAP TEMUCO,DESARROLLOS CONSTRUCTIVOS AXIS SOCIEDAD ANONIMA,0.0,0.0,0.0,0.0,0,0.0
P-1642,1. INGRESO,0.0,CORINTO,EMP. CONSTRUCTORA INGENIEROS S.A.,0.0,7163026.0,7163026.0,0.5684262489065376,7163026,1.0
P-1642,3. COSTO MANO DE OBRA,0.0,CORINTO,EMP. CONSTRUCTORA INGENIEROS S.A.,0.0,0.0,0.0,0.5684262489065376,0,0.0
P-1642,4. COSTO SUPERVISIÓN,0.0,CORINTO,EMP. CONSTRUCTORA INGENIEROS S.A.,0.0,0.0,0.0,0.5684262489065376,0,0.0
P-1643,1. INGRESO,0.0,CHORRILLOS M4,CONSTRUCTORA SUKSA S.A.,0.0,0.0,0.0,0.0,0,0.0
P-1643,3. COSTO MANO DE OBRA,0.0,CHORRILLOS M4,CONSTRUCTORA SUKSA S.A.,0.0,0.0,0.0,0.0,0,0.0
P-1643,4. COSTO SUPERVISIÓN,0.0,CHORRILLOS M4,CONSTRUCTORA SUKSA S.A.,0.0,0.0,0.0,0.0,0,0.0
P-1644,1. INGRESO,0.0,MIRADOR DE SAN CRISTOBAL,EBCO S.A.,0.0,16864978.0,16864978.0,0.7079814749832464,16864978,1.0
P-1644,3. COSTO MANO DE OBRA,0.0,MIRADOR DE SAN CRISTOBAL,EBCO S.A.,0.0,-341190.0,-341190.0,0.7079814749832464,-341190,1.0
P-1644,4. COSTO SUPERVISIÓN,0.0,MIRADOR DE SAN CRISTOBAL,EBCO S.A.,0.0,0.0,0.0,0.7079814749832464,0,0.0
P-1645,3. COSTO MANO DE OBRA,0.0,LOS TRES ANTONIOS,SOCIEDAD CONSTRUCTORA ECHAVARRI HERMANOS LIMITADA,0.0,-3015429.0,-3015429.0,0.3408822941767781,-3015429,1.0
P-1645,4. COSTO SUPERVISIÓN,0.0,LOS TRES ANTONIOS,SOCIEDAD CONSTRUCTORA ECHAVARRI HERMANOS LIMITADA,0.0,0.0,0.0,0.3408822941767781,0,0.0
P-1648,1. INGRESO,0.0,ETAPA 2 CD PERALILLO TW,INMOBILIARIA Y RENTAS LOGÍSTICA S.A.,0.0,672750.0,672750.0,2.1696945373467114,672750,1.0
P-1648,3. COSTO MANO DE OBRA,0.0,ETAPA 2 CD PERALILLO TW,INMOBILIARIA Y RENTAS LOGÍSTICA S.A.,0.0,0.0,0.0,2.1696945373467114,0,0.0
P-1648,4. COSTO SUPERVISIÓN,0.0,ETAPA 2 CD PERALILLO TW,INMOBILIARIA Y RENTAS LOGÍSTICA S.A.,0.0,0.0,0.0,2.1696945373467114,0,0.0
P-1649,1. INGRESO,0.0,INACAP VITACURA E2,CONSTRUCTORA CUEVAS Y PURCELL S.A.,0.0,54564902.0,54564902.0,0.5594570113953471,54564902,1.0
P-1649,3. COSTO MANO DE OBRA,0.0,INACAP VITACURA E2,CONSTRUCTORA CUEVAS Y PURCELL S.A.,0.0,-220289.0,-220289.0,0.5594570113953471,-220289,1.0
P-1649,4. COSTO SUPERVISIÓN,0.0,INACAP VITACURA E2,CONSTRUCTORA CUEVAS Y PURCELL S.A.,0.0,0.0,0.0,0.5594570113953471,0,0.0
P-1653,1. INGRESO,0.0,EDUARDO DE LA BARRA,CONSTRUCTORA E INVERSIONES VITAL SPA.,0.0,13787411.0,13787411.0,0.5884963464134056,13787411,1.0
P-1653,3. COSTO MANO DE OBRA,0.0,EDUARDO DE LA BARRA,CONSTRUCTORA E INVERSIONES VITAL SPA.,0.0,0.0,0.0,0.5884963464134056,0,0.0
P-1653,4. COSTO SUPERVISIÓN,0.0,EDUARDO DE LA BARRA,CONSTRUCTORA E INVERSIONES VITAL SPA.,0.0,0.0,0.0,0.5884963464134056,0,0.0
P-1656,1. INGRESO,0.0,MIRADOR CLUB HÍPICO,CONSTRUCTORA VITAL EDIFICACION SPA,0.0,16765455.0,16765455.0,0.46822487072375907,16765455,1.0
P-1656,3. COSTO MANO DE OBRA,0.0,MIRADOR CLUB HÍPICO,CONSTRUCTORA VITAL EDIFICACION SPA,0.0,-929633.0,-929633.0,0.46822487072375907,-929633,1.0
P-1656,4. COSTO SUPERVISIÓN,0.0,MIRADOR CLUB HÍPICO,CONSTRUCTORA VITAL EDIFICACION SPA,0.0,0.0,0.0,0.46822487072375907,0,0.0
P-1658,1. INGRESO,0.0,VIVIPRA,VICHERAT Y PRADENAS LTDA.,0.0,30794481.0,30794481.0,0.6208078648898158,30794481,1.0
P-1658,3. COSTO MANO DE OBRA,0.0,VIVIPRA,VICHERAT Y PRADENAS LTDA.,0.0,-319859.0,-319859.0,0.6208078648898158,-319859,1.0
P-1658,4. COSTO SUPERVISIÓN,0.0,VIVIPRA,VICHERAT Y PRADENAS LTDA.,0.0,0.0,0.0,0.6208078648898158,0,0.0
P-1660,1. INGRESO,0.0,CORONEL ALVARADO,LARRAIN PRIETO RISOPATRON S.A.,0.0,26532592.0,26532592.0,0.3145573187873993,26532592,1.0
P-1660,3. COSTO MANO DE OBRA,0.0,CORONEL ALVARADO,LARRAIN PRIETO RISOPATRON S.A.,0.0,-6132285.0,-6132285.0,0.3145573187873993,-6132285,1.0
P-1660,4. COSTO SUPERVISIÓN,0.0,CORONEL ALVARADO,LARRAIN PRIETO RISOPATRON S.A.,0.0,0.0,0.0,0.3145573187873993,0,0.0
P-1661,1. INGRESO,0.0,SAN VICENTE DE PAUL,DANACORP S.A,0.0,39824566.0,39824566.0,0.6129224609754692,39824566,1.0
P-1661,3. COSTO MANO DE OBRA,0.0,SAN VICENTE DE PAUL,DANACORP S.A,0.0,-1144426.0,-1144426.0,0.6129224609754692,-1144426,1.0
P-1661,4. COSTO SUPERVISIÓN,0.0,SAN VICENTE DE PAUL,DANACORP S.A,0.0,0.0,0.0,0.6129224609754692,0,0.0
P-1663,1. INGRESO,0.0,OFICINAS EQUIFAX,CONSTRUCTORA VRK INGENIERIA LIMITADA,0.0,0.0,0.0,0.0,0,0.0
P-1663,3. COSTO MANO DE OBRA,0.0,OFICINAS EQUIFAX,CONSTRUCTORA VRK INGENIERIA LIMITADA,0.0,0.0,0.0,0.0,0,0.0
P-1663,4. COSTO SUPERVISIÓN,0.0,OFICINAS EQUIFAX,CONSTRUCTORA VRK INGENIERIA LIMITADA,0.0,0.0,0.0,0.0,0,0.0
P-1664,1. INGRESO,0.0,MK II PCI,COMERCIAL K SPA.,0.0,138414890.0,138414890.0,0.6383667609749212,138414890,1.0
P-1664,3. COSTO MANO DE OBRA,0.0,MK II PCI,COMERCIAL K SPA.,0.0,0.0,0.0,0.6383667609749212,0,0.0
P-1664,4. COSTO SUPERVISIÓN,0.0,MK II PCI,COMERCIAL K SPA.,0.0,0.0,0.0,0.6383667609749212,0,0.0
P-1666,1. INGRESO,0.0,CD AXIONLONG,EBCO S.A.,0.0,72760796.0,72760796.0,0.6268129886869297,72760796,1.0
P-1666,3. COSTO MANO DE OBRA,0.0,CD AXIONLONG,EBCO S.A.,0.0,-1957926.0,-1957926.0,0.6268129886869297,-1957926,1.0
P-1666,4. COSTO SUPERVISIÓN,0.0,CD AXIONLONG,EBCO S.A.,0.0,0.0,0.0,0.6268129886869297,0,0.0
P-1667,1. INGRESO,0.0,ECO PLACILLA,CONSTRUCTORA ICF SPA,0.0,84392408.0,84392408.0,0.01338737721525851,84392408,1.0
P-1667,4. COSTO SUPERVISIÓN,0.0,ECO PLACILLA,CONSTRUCTORA ICF SPA,0.0,0.0,0.0,0.01338737721525851,0,0.0
P-1668,1. INGRESO,0.0,QUILLAYES PLAZA,E.MOLINA MOREL CONSTRUCTORA S.A.,0.0,34896288.0,34896288.0,0.3709413734778897,34896288,1.0
P-1668,3. COSTO MANO DE OBRA,0.0,QUILLAYES PLAZA,E.MOLINA MOREL CONSTRUCTORA S.A.,0.0,-7927098.0,-7927098.0,0.3709413734778897,-7927098,1.0
P-1668,4. COSTO SUPERVISIÓN,0.0,QUILLAYES PLAZA,E.MOLINA MOREL CONSTRUCTORA S.A.,0.0,0.0,0.0,0.3709413734778897,0,0.0
P-1669,1. INGRESO,0.0,DEPARTAMENTAL,EMP. CONSTRUCTORA INGENIEROS S.A.,0.0,19895589.0,19895589.0,0.5997798305946107,19895589,1.0
P-1669,4. COSTO SUPERVISIÓN,0.0,DEPARTAMENTAL,EMP. CONSTRUCTORA INGENIEROS S.A.,0.0,0.0,0.0,0.5997798305946107,0,0.0
P-1670,3. COSTO MANO DE OBRA,0.0,MK II SEGURIDAD Y REDES,COMERCIAL K SPA.,0.0,-431689.0,-431689.0,0.6514248708367071,-431689,1.0
P-1670,4. COSTO SUPERVISIÓN,0.0,MK II SEGURIDAD Y REDES,COMERCIAL K SPA.,0.0,0.0,0.0,0.6514248708367071,0,0.0
P-1672,3. COSTO MANO DE OBRA,0.0,STA CLARA (CCDD-TELECOM),CONSTRUCTORA UPC S.A.,0.0,-46046794.0,-46046794.0,0.31450083778942584,-46046794,1.0
P-1672,4. COSTO SUPERVISIÓN,0.0,STA CLARA (CCDD-TELECOM),CONSTRUCTORA UPC S.A.,0.0,0.0,0.0,0.31450083778942584,0,0.0
P-1673,1. INGRESO,0.0,INACAP TEMUCO - ETAPA A,UNIVERSIDAD TECNOLOGICA DE CHILE INACAP,0.0,26810752.0,26810752.0,0.5648658045846682,26810752,1.0
P-1673,3. COSTO MANO DE OBRA,0.0,INACAP TEMUCO - ETAPA A,UNIVERSIDAD TECNOLOGICA DE CHILE INACAP,0.0,0.0,0.0,0.5648658045846682,0,0.0
P-1673,4. COSTO SUPERVISIÓN,0.0,INACAP TEMUCO - ETAPA A,UNIVERSIDAD TECNOLOGICA DE CHILE INACAP,0.0,0.0,0.0,0.5648658045846682,0,0.0
P-1674,1. INGRESO,0.0,OFICINAS BEIERSDORF CHORRILLOS,CONSTRUCTORA SUKSA S.A.,0.0,23646019.0,23646019.0,0.6281379965058812,23646019,1.0
P-1674,3. COSTO MANO DE OBRA,0.0,OFICINAS BEIERSDORF CHORRILLOS,CONSTRUCTORA SUKSA S.A.,0.0,-191930.0,-191930.0,0.6281379965058812,-191930,1.0
P-1674,4. COSTO SUPERVISIÓN,0.0,OFICINAS BEIERSDORF CHORRILLOS,CONSTRUCTORA SUKSA S.A.,0.0,0.0,0.0,0.6281379965058812,0,0.0
P-1675,3. COSTO MANO DE OBRA,0.0,PALENA II,CONSTRUCTORA MYA SPA.,0.0,-4557877.0,-4557877.0,0.2687229447010022,-4557877,1.0
P-1675,4. COSTO SUPERVISIÓN,0.0,PALENA II,CONSTRUCTORA MYA SPA.,0.0,0.0,0.0,0.2687229447010022,0,0.0
P-1676,1. INGRESO,0.0,LO CAMPINO,EBCO S.A.,0.0,149103751.0,149103751.0,0.5900790986807569,149103751,1.0
P-1676,4. COSTO SUPERVISIÓN,0.0,LO CAMPINO,EBCO S.A.,0.0,0.0,0.0,0.5900790986807569,0,0.0
P-1677,4. COSTO SUPERVISIÓN,0.0,GALVARINO GALLARDO,MOLLER Y PEREZ - COTAPOS CONSTRUCCIONES INDUSTRIALES S.A,0.0,0.0,0.0,0.3530039045446605,0,0.0
P-1679,1. INGRESO,0.0,JUAN SABAJ,CONSTRUCTORA GREVIA,0.0,0.0,0.0,0.0,0,0.0
P-1679,4. COSTO SUPERVISIÓN,0.0,JUAN SABAJ,CONSTRUCTORA GREVIA,0.0,0.0,0.0,0.0,0,0.0
P-1680,4. COSTO SUPERVISIÓN,0.0,NUEVA UNO,CONSTRUCTORA TECSA S.A.,0.0,0.0,0.0,0.25108656308754673,0,0.0
P-1681,2. COSTO MATERIALES,0.0, CD ROSEN (CCTV PROVISORIO),COLCHONES ROSEN SAIC,0.0,-2962572.0,-2962572.0,0.7126792401709026,-2962572,1.0
P-1681,3. COSTO MANO DE OBRA,0.0, CD ROSEN (CCTV PROVISORIO),COLCHONES ROSEN SAIC,0.0,-337550.0,-337550.0,0.7126792401709026,-337550,1.0
P-1681,4. COSTO SUPERVISIÓN,0.0, CD ROSEN (CCTV PROVISORIO),COLCHONES ROSEN SAIC,0.0,0.0,0.0,0.7126792401709026,0,0.0
P-1682,4. COSTO SUPERVISIÓN,0.0,PLAZA CEPPI,EMP. CONSTRUCTORA INGENIEROS S.A.,0.0,0.0,0.0,0.3765149181992104,0,0.0
P-1683,1. INGRESO,0.0,CD BP-A05,EBCO S.A.,0.0,53738729.0,53738729.0,0.5528991763091382,53738729,1.0
P-1683,3. COSTO MANO DE OBRA,0.0,CD BP-A05,EBCO S.A.,0.0,-287910.0,-287910.0,0.5528991763091382,-287910,1.0
P-1683,4. COSTO SUPERVISIÓN,0.0,CD BP-A05,EBCO S.A.,0.0,0.0,0.0,0.5528991763091382,0,0.0
P-1684,4. COSTO SUPERVISIÓN,0.0,EDIFICIO GOYCOLEA,EBCO S.A.,0.0,0.0,0.0,0.32101938009995523,0,0.0
P-1685,1. INGRESO,0.0,MAPA EDIFICIOS NO OPERACIONALES,CLARO VICUÑA VALENZUELA S.A.,0.0,48965677.0,48965677.0,0.0416261578493033,48965677,1.0
P-1685,3. COSTO MANO DE OBRA,0.0,MAPA EDIFICIOS NO OPERACIONALES,CLARO VICUÑA VALENZUELA S.A.,0.0,-30464419.0,-30464419.0,0.0416261578493033,-30464419,1.0
P-1685,4. COSTO SUPERVISIÓN,0.0,MAPA EDIFICIOS NO OPERACIONALES,CLARO VICUÑA VALENZUELA S.A.,0.0,0.0,0.0,0.0416261578493033,0,0.0
P-1686,4. COSTO SUPERVISIÓN,0.0,MACUL ICALMA,EMPRESA CONSTRUCTORA INGEVEC S.A.,0.0,0.0,0.0,0.2616793784571532,0,0.0
P-1687,4. COSTO SUPERVISIÓN,0.0,ROJAS MAGALLANES,E.MOLINA MOREL CONSTRUCTORA S.A.,0.0,0.0,0.0,0.3143502747288592,0,0.0
P-1688,4. COSTO SUPERVISIÓN,0.0,SUIZA,MOLLER Y PEREZ - COTAPOS CONSTRUCCIONES INDUSTRIALES S.A,0.0,0.0,0.0,0.20956141166861011,0,0.0
P-1689,1. INGRESO,0.0,CASINO BUENAVENTURA,EBCO S.A.,0.0,22795459.0,22795459.0,0.5141509543633229,22795459,1.0
P-1689,3. COSTO MANO DE OBRA,0.0,CASINO BUENAVENTURA,EBCO S.A.,0.0,-2217581.0,-2217581.0,0.5141509543633229,-2217581,1.0
P-1689,4. COSTO SUPERVISIÓN,0.0,CASINO BUENAVENTURA,EBCO S.A.,0.0,0.0,0.0,0.5141509543633229,0,0.0
P-1690,4. COSTO SUPERVISIÓN,0.0,ONGOLMO - HOME CONDOMINIO,CANTAUCO CONSTRUCCION LTDA.,0.0,0.0,0.0,0.15057668089597426,0,0.0
P-1691,4. COSTO SUPERVISIÓN,0.0,ROSARIO ROSALES,CONSTRUCTORA E INMOBILIARIA PRADOVERDE LTDA.,0.0,0.0,0.0,0.1644129011874976,0,0.0
P-1692,4. COSTO SUPERVISIÓN,0.0,JOSÉ PEREZ COTAPOS,EBCO S.A.,0.0,0.0,0.0,-0.03930969932168807,0,0.0
P-1693,1. INGRESO,0.0,VOLTA V0800,ECOBIO SPA,0.0,138699361.0,138699361.0,0.1627890052067363,138699361,1.0
P-1693,4. COSTO SUPERVISIÓN,0.0,VOLTA V0800,ECOBIO SPA,0.0,0.0,0.0,0.1627890052067363,0,0.0
P-1694,4. COSTO SUPERVISIÓN,0.0,ECO HUEMUL,CONSTRUCTORA ICF SPA,0.0,0.0,0.0,0.2282126808326849,0,0.0
P-1695,4. COSTO SUPERVISIÓN,0.0,EDIFICIO ESTORIL,EMPRESA CONSTRUCTORA BRAVO E IZQUIERDO,0.0,0.0,0.0,0.11174960252618218,0,0.0
P-1696,4. COSTO SUPERVISIÓN,0.0,SANTA VICTORIA - TERRACORP,CONSTRUCTORA TERRACORP S.A.,0.0,0.0,0.0,0.12652190883963693,0,0.0
P-1697,4. COSTO SUPERVISIÓN,0.0,ESTOCOLMO,CONSTRUCTORA FORTALEZA S.A,0.0,0.0,0.0,0.45725055215443966,0,0.0
P-1698,3. COSTO MANO DE OBRA,0.0,CD ANDES,EBCO S.A.,0.0,-19007691.0,-19007691.0,0.36113614709542224,-19007691,1.0
P-1698,4. COSTO SUPERVISIÓN,0.0,CD ANDES,EBCO S.A.,0.0,0.0,0.0,0.36113614709542224,0,0.0
P-1699,4. COSTO SUPERVISIÓN,0.0,VILLA PANAMERICANA LOTE B,EMPRESA CONSTRUCTORA DLP S.A.,0.0,0.0,0.0,0.4328747016917005,0,0.0
P-1700,4. COSTO SUPERVISIÓN,0.0,CD ORIZON,EBCO S.A.,0.0,0.0,0.0,0.24257186530539177,0,0.0
P-1701,4. COSTO SUPERVISIÓN,0.0,EDIFICIO ZENTENO,CONSTRUCTORA GREVIA SPA.,0.0,0.0,0.0,0.2610171005095846,0,0.0
P-1703,4. COSTO SUPERVISIÓN,0.0,SANTA VICTORIA DANACORP,DANACORP S.A,0.0,0.0,0.0,0.301525673415447,0,0.0
P-1704,4. COSTO SUPERVISIÓN,0.0,CD MERCADO LIBRE MEZZANINA,EBCO S.A.,0.0,0.0,0.0,0.4999964869052171,0,0.0
P-1705,4. COSTO SUPERVISIÓN,0.0,LOS CLARINES,CONSTRUCTORA INARCO S.A.,0.0,0.0,0.0,0.05182139736251048,0,0.0
P-1706,4. COSTO SUPERVISIÓN,0.0,CALIFORNIA,CONSTRUCTORA E INVERSIONES VITAL SPA.,0.0,0.0,0.0,0.4241583321873975,0,0.0
P-1707,4. COSTO SUPERVISIÓN,0.0,LAS TRANQUERAS,CONSTRUCTORA SANTOLAYA LTDA.,0.0,0.0,0.0,0.14994861433673465,0,0.0
P-1708,4. COSTO SUPERVISIÓN,0.0,ECO ESPAÑA,CONSTRUCTORA ICF SPA,0.0,0.0,0.0,-3.601971998337545,0,0.0
P-1709,4. COSTO SUPERVISIÓN,0.0,CENTRO COMERCIAL PASEO SAN PEDRO,EBCO S.A.,0.0,0.0,0.0,0.4415452327973863,0,0.0
P-1712,4. COSTO SUPERVISIÓN,0.0,CENTRO COMERCIAL VIÑA OUTLET PARK,EBCO S.A.,0.0,0.0,0.0,0.5298232101601369,0,0.0
P-1713,4. COSTO SUPERVISIÓN,0.0,RESERVA SAN FRANCISCO,EMPRESA NACIONAL DE CONSTRUCCIÓN LAS VERTIENTES SPA,0.0,0.0,0.0,-0.6071155209659296,0,0.0
P-1714,4. COSTO SUPERVISIÓN,0.0,DEPARTAMENTAL II,CONSTRUCTORA FUERZA SUR DOS SPA,0.0,0.0,0.0,0.01893329426985226,0,0.0
P-1715,4. COSTO SUPERVISIÓN,0.0,CD LO ECHEVERS,QUEZADA Y BOETSCH,0.0,0.0,0.0,0.2352230866332175,0,0.0
P-1716,4. COSTO SUPERVISIÓN,0.0,CD ASTARA,ASTARA LOGÍSTICA CHILE SPA.,0.0,0.0,0.0,0.5447373199926154,0,0.0
P-1717,1. INGRESO,0.0,ECO QUILÍN I,CONSTRUCTORA ICF SPA,0.0,0.0,0.0,0.0,1000000,0.0
P-1717,3. COSTO MANO DE OBRA,0.0,ECO QUILÍN I,CONSTRUCTORA ICF SPA,0.0,0.0,0.0,0.0,0,0.0
P-1717,4. COSTO SUPERVISIÓN,0.0,ECO QUILÍN I,CONSTRUCTORA ICF SPA,0.0,0.0,0.0,0.0,0,0.0
P-1718,4. COSTO SUPERVISIÓN,0.0,PATIO COMIDAS,EBCO S.A.,0.0,0.0,0.0,0.541567271626161,0,0.0
P-1719,2. COSTO MATERIALES,0.0,CD METALPAR,EBCO S.A.,0.0,0.0,0.0,1.0,0,0.0
P-1719,3. COSTO MANO DE OBRA,0.0,CD METALPAR,EBCO S.A.,0.0,0.0,0.0,1.0,0,0.0
P-1719,4. COSTO SUPERVISIÓN,0.0,CD METALPAR,EBCO S.A.,0.0,0.0,0.0,1.0,0,0.0
P-1720,2. COSTO MATERIALES,0.0,,,0.0,0.0,0.0,0.0,0,0.0
P-1720,4. COSTO SUPERVISIÓN,0.0,,,0.0,0.0,0.0,0.0,0,0.0
P-1721,4. COSTO SUPERVISIÓN,0.0,STRIP CENTER LUIS PASTEUR,INMOBILIARIA LUIS PASTEUR S.A.,0.0,0.0,0.0,0.20352205601754408,0,0.0
P-1722,2. COSTO MATERIALES,0.0,ECO CERRILLOS,CONSTRUCTORA ICF SPA,0.0,0.0,0.0,0.0,0,0.0
P-1722,3. COSTO MANO DE OBRA,0.0,ECO CERRILLOS,CONSTRUCTORA ICF SPA,0.0,0.0,0.0,0.0,0,0.0
P-1722,4. COSTO SUPERVISIÓN,0.0,ECO CERRILLOS,CONSTRUCTORA ICF SPA,0.0,0.0,0.0,0.0,0,0.0
P-1723,4. COSTO SUPERVISIÓN,0.0,VILLA PANAMERICANA LOTE C,CONSTRUCTORA MENA Y OVALLE S.A.,0.0,0.0,0.0,0.1841814219356563,0,0.0
P-1724,4. COSTO SUPERVISIÓN,0.0,,,0.0,0.0,0.0,0.716045706567206,0,0.0
P-1725,4. COSTO SUPERVISIÓN,0.0,LO CAÑAS,CONSTRUCTORA BRISAS DE BATUCO,0.0,0.0,0.0,0.2766785679310131,0,0.0
P-1726,4. COSTO SUPERVISIÓN,0.0,,,0.0,0.0,0.0,0.3044361179567928,0,0.0
P-1727,4. COSTO SUPERVISIÓN,0.0,,,0.0,0.0,0.0,0.23610133817032067,0,0.0
P-1728,1. INGRESO,0.0,,,0.0,0.0,0.0,0.0,0,0.0
P-1728,4. COSTO SUPERVISIÓN,0.0,,,0.0,0.0,0.0,0.0,0,0.0
P-1729,1. INGRESO,0.0,,,0.0,0.0,0.0,0.0,0,0.0
P-1729,3. COSTO MANO DE OBRA,0.0,,,0.0,0.0,0.0,0.0,0,0.0
P-1729,4. COSTO SUPERVISIÓN,0.0,,,0.0,0.0,0.0,0.0,0,0.0
1. TOTAL,4. COSTO SUPERVISIÓN,0.0,1. TOTAL,1. TOTAL,-22566666.0,-51949755.0,-74516421.0,0.3698302367182243,-79159682,0.9413431069619507
1. TOTAL,1. INGRESO,,1. TOTAL,1. TOTAL,,,4503192575.0,0.3698302367182243,4926992575,0.9139840392391905
1. TOTAL,2. COSTO MATERIALES,,1. TOTAL,1. TOTAL,,,-1686850217.0,0.3698302367182243,-1863386023,0.9052607437101078
1. TOTAL,3. COSTO MANO DE OBRA,,1. TOTAL,1. TOTAL,,,-1076409161.0,0.3698302367182243,-1190782876,0.9039508231893654
