CODIGO_PROYECTO,TIPO_CUENTA,NOMBRE_OBRA,NOMBRE_CLIENTE,TOTAL PTD,TOTAL MEC PROY,TOTAL
P-1557,3. COSTO MANO DE OBRA,ROSARIO ROSALES,EBCO S.A.,-945949.0,-945949.0,-1891898.0
P-1591,3. COSTO MANO DE OBRA,EDIFICIO ESTORIL,EBCO S.A.,-2483998.0,-2483998.0,-4967996.0
P-1592,2. COSTO MATERIALES,NUEVA COSTANERA 3300,EBCO S.A.,846183.0,0.0,846183.0
P-1603,2. COSTO MATERIALES,FARELLONES,EMPRESA CONSTRUCTORA DLP S.A.,-30000.0,0.0,-30000.0
P-1611,2. COSTO MATERIALES,EDIFICIO PLAZA EGAÑA,EBCO S.A.,602825.0,0.0,602825.0
P-1612,2. COSTO MATERIALES,BARRIO PARQUE SANTIAGO 7,CONSTRUCTORA ALTURAS DEL SUR S.A,310902.0,0.0,310902.0
P-1620,2. COSTO MATERIALES,"OF APOQUINDO- HABILITACIONES, INTEGRACION Y ADICIONALES.",CONSTRUCTORA INARCO S.A.,-16400.0,0.0,-16400.0
P-1626,2. COSTO MATERIALES,CLINICA BIO BIO,CONSTRUCTORA LYD S.A.,682024.0,0.0,682024.0
P-1632,2. COSTO MATERIALES,CHORRILLOS CLOROX,CONSTRUCTORA SUKSA S.A.,236593.0,0.0,236593.0
P-1636,2. COSTO MATERIALES,SANTO DOMINGO 1410,DANACORP S.A,-455187.0,0.0,-455187.0
P-1639,2. COSTO MATERIALES,LYON 2546,MOLLER Y PEREZ - COTAPOS CONSTRUCCIONES INDUSTRIALES S.A,-11381381.0,0.0,-11381381.0
P-1641,2. COSTO MATERIALES,INACAP TEMUCO,DESARROLLOS CONSTRUCTIVOS AXIS SOCIEDAD ANONIMA,-1038770.0,0.0,-1038770.0
P-1642,2. COSTO MATERIALES,CORINTO,EMP. CONSTRUCTORA INGENIEROS S.A.,-3091374.0,0.0,-3091374.0
P-1643,2. COSTO MATERIALES,CHORRILLOS M4,CONSTRUCTORA SUKSA S.A.,-102685.0,0.0,-102685.0
P-1644,2. COSTO MATERIALES,MIRADOR DE SAN CRISTOBAL,EBCO S.A.,-4583696.0,0.0,-4583696.0
P-1645,2. COSTO MATERIALES,LOS TRES ANTONIOS,SOCIEDAD CONSTRUCTORA ECHAVARRI HERMANOS LIMITADA,-8425359.0,0.0,-8425359.0
P-1645,1. INGRESO,LOS TRES ANTONIOS,SOCIEDAD CONSTRUCTORA ECHAVARRI HERMANOS LIMITADA,17327418.0,0.0,17327418.0
P-1648,2. COSTO MATERIALES,ETAPA 2 CD PERALILLO TW,INMOBILIARIA Y RENTAS LOGÍSTICA S.A.,786912.0,0.0,786912.0
P-1649,2. COSTO MATERIALES,INACAP VITACURA E2,CONSTRUCTORA CUEVAS Y PURCELL S.A.,-23854079.0,0.0,-23854079.0
P-1653,2. COSTO MATERIALES,EDUARDO DE LA BARRA,CONSTRUCTORA E INVERSIONES VITAL SPA.,-5673570.0,0.0,-5673570.0
P-1656,2. COSTO MATERIALES,MIRADOR CLUB HÍPICO,CONSTRUCTORA VITAL EDIFICACION SPA,-7997069.0,0.0,-7997069.0
P-1658,2. COSTO MATERIALES,VIVIPRA,VICHERAT Y PRADENAS LTDA.,-11357166.0,0.0,-11357166.0
P-1660,2. COSTO MATERIALES,CORONEL ALVARADO,LARRAIN PRIETO RISOPATRON S.A.,-12060331.0,0.0,-12060331.0
P-1661,2. COSTO MATERIALES,SAN VICENTE DE PAUL,DANACORP S.A,-14270769.0,0.0,-14270769.0
P-1663,2. COSTO MATERIALES,OFICINAS EQUIFAX,CONSTRUCTORA VRK INGENIERIA LIMITADA,-154491.0,0.0,-154491.0
P-1664,2. COSTO MATERIALES,MK II PCI,COMERCIAL K SPA.,-50055425.0,0.0,-50055425.0
P-1666,2. COSTO MATERIALES,CD AXIONLONG,EBCO S.A.,-25105908.0,0.0,-25105908.0
P-1667,3. COSTO MANO DE OBRA,ECO PLACILLA,CONSTRUCTORA ICF SPA,-37223140.0,-967228.0,-38190368.0
P-1667,2. COSTO MATERIALES,ECO PLACILLA,CONSTRUCTORA ICF SPA,-45566253.0,0.0,-45566253.0
P-1668,2. COSTO MATERIALES,QUILLAYES PLAZA,E.MOLINA MOREL CONSTRUCTORA S.A.,-14024713.0,0.0,-14024713.0
P-1669,3. COSTO MANO DE OBRA,DEPARTAMENTAL,EMP. CONSTRUCTORA INGENIEROS S.A.,-3313721.0,-156861.0,-3470582.0
P-1669,2. COSTO MATERIALES,DEPARTAMENTAL,EMP. CONSTRUCTORA INGENIEROS S.A.,-4894602.0,0.0,-4894602.0
P-1670,2. COSTO MATERIALES,MK II SEGURIDAD Y REDES,COMERCIAL K SPA.,-56742175.0,0.0,-56742175.0
P-1670,1. INGRESO,MK II SEGURIDAD Y REDES,COMERCIAL K SPA.,164021639.0,0.0,164021639.0
P-1672,2. COSTO MATERIALES,STA CLARA (CCDD-TELECOM),CONSTRUCTORA UPC S.A.,-45622625.0,0.0,-45622625.0
P-1672,1. INGRESO,STA CLARA (CCDD-TELECOM),CONSTRUCTORA UPC S.A.,134527241.0,0.0,134527241.0
P-1673,2. COSTO MATERIALES,INACAP TEMUCO - ETAPA A,UNIVERSIDAD TECNOLOGICA DE CHILE INACAP,-11666275.0,0.0,-11666275.0
P-1674,2. COSTO MATERIALES,OFICINAS BEIERSDORF CHORRILLOS,CONSTRUCTORA SUKSA S.A.,-8601126.0,0.0,-8601126.0
P-1675,2. COSTO MATERIALES,PALENA II,CONSTRUCTORA MYA SPA.,-7984413.0,0.0,-7984413.0
P-1675,1. INGRESO,PALENA II,CONSTRUCTORA MYA SPA.,17151215.0,0.0,17151215.0
P-1676,3. COSTO MANO DE OBRA,LO CAMPINO,EBCO S.A.,-29320930.0,0.0,-29320930.0
P-1676,2. COSTO MATERIALES,LO CAMPINO,EBCO S.A.,-32313112.0,0.0,-32313112.0
P-1677,3. COSTO MANO DE OBRA,GALVARINO GALLARDO,MOLLER Y PEREZ - COTAPOS CONSTRUCCIONES INDUSTRIALES S.A,-26432191.0,0.0,-26432191.0
P-1677,2. COSTO MATERIALES,GALVARINO GALLARDO,MOLLER Y PEREZ - COTAPOS CONSTRUCCIONES INDUSTRIALES S.A,-32468202.0,0.0,-32468202.0
P-1677,1. INGRESO,GALVARINO GALLARDO,MOLLER Y PEREZ - COTAPOS CONSTRUCCIONES INDUSTRIALES S.A,90155711.0,0.0,90155711.0
P-1679,3. COSTO MANO DE OBRA,JUAN SABAJ,CONSTRUCTORA GREVIA,-187507.0,0.0,-187507.0
P-1679,2. COSTO MATERIALES,JUAN SABAJ,CONSTRUCTORA GREVIA,-96622.0,0.0,-96622.0
P-1680,3. COSTO MANO DE OBRA,NUEVA UNO,CONSTRUCTORA TECSA S.A.,-57749741.0,-7431377.0,-65181118.0
P-1680,2. COSTO MATERIALES,NUEVA UNO,CONSTRUCTORA TECSA S.A.,-64787828.0,-11500000.0,-76287828.0
P-1680,1. INGRESO,NUEVA UNO,CONSTRUCTORA TECSA S.A.,174843492.0,6372127.0,181215619.0
P-1681,1. INGRESO, CD ROSEN (CCTV PROVISORIO),COLCHONES ROSEN SAIC,11485846.0,0.0,11485846.0
P-1682,3. COSTO MANO DE OBRA,PLAZA CEPPI,EMP. CONSTRUCTORA INGENIEROS S.A.,-20586359.0,-1086051.0,-21672410.0
P-1682,2. COSTO MATERIALES,PLAZA CEPPI,EMP. CONSTRUCTORA INGENIEROS S.A.,-26234374.0,-200000.0,-26434374.0
P-1682,1. INGRESO,PLAZA CEPPI,EMP. CONSTRUCTORA INGENIEROS S.A.,55359285.0,18808581.0,74167866.0
P-1683,2. COSTO MATERIALES,CD BP-A05,EBCO S.A.,-23738720.0,0.0,-23738720.0
P-1684,3. COSTO MANO DE OBRA,EDIFICIO GOYCOLEA,EBCO S.A.,-10022964.0,-400643.0,-10423607.0
P-1684,2. COSTO MATERIALES,EDIFICIO GOYCOLEA,EBCO S.A.,-6023173.0,-1100000.0,-7123173.0
P-1684,1. INGRESO,EDIFICIO GOYCOLEA,EBCO S.A.,24891169.0,3335671.64004,28226840.64004
P-1685,2. COSTO MATERIALES,MAPA EDIFICIOS NO OPERACIONALES,CLARO VICUÑA VALENZUELA S.A.,-16463005.0,0.0,-16463005.0
P-1686,3. COSTO MANO DE OBRA,MACUL ICALMA,EMPRESA CONSTRUCTORA INGEVEC S.A.,-34717514.0,-4634424.0,-39351938.0
P-1686,2. COSTO MATERIALES,MACUL ICALMA,EMPRESA CONSTRUCTORA INGEVEC S.A.,-32836456.0,-4000000.0,-36836456.0
P-1686,1. INGRESO,MACUL ICALMA,EMPRESA CONSTRUCTORA INGEVEC S.A.,87818466.0,10669236.1664,98487702.1664
P-1687,3. COSTO MANO DE OBRA,ROJAS MAGALLANES,E.MOLINA MOREL CONSTRUCTORA S.A.,-7395436.0,0.0,-7395436.0
P-1687,2. COSTO MATERIALES,ROJAS MAGALLANES,E.MOLINA MOREL CONSTRUCTORA S.A.,-9683485.0,0.0,-9683485.0
P-1687,1. INGRESO,ROJAS MAGALLANES,E.MOLINA MOREL CONSTRUCTORA S.A.,24909105.0,0.0,24909105.0
P-1688,3. COSTO MANO DE OBRA,SUIZA,MOLLER Y PEREZ - COTAPOS CONSTRUCCIONES INDUSTRIALES S.A,-12243170.0,-2009744.0,-14252914.0
P-1688,2. COSTO MATERIALES,SUIZA,MOLLER Y PEREZ - COTAPOS CONSTRUCCIONES INDUSTRIALES S.A,-22268956.0,-1500000.0,-23768956.0
P-1688,1. INGRESO,SUIZA,MOLLER Y PEREZ - COTAPOS CONSTRUCCIONES INDUSTRIALES S.A,41287291.0,4529751.0,45817042.0
P-1689,2. COSTO MATERIALES,CASINO BUENAVENTURA,EBCO S.A.,-8857571.0,0.0,-8857571.0
P-1690,3. COSTO MANO DE OBRA,ONGOLMO - HOME CONDOMINIO,CANTAUCO CONSTRUCCION LTDA.,-21545891.0,0.0,-21545891.0
P-1690,2. COSTO MATERIALES,ONGOLMO - HOME CONDOMINIO,CANTAUCO CONSTRUCCION LTDA.,-22074402.0,-1500000.0,-23574402.0
P-1690,1. INGRESO,ONGOLMO - HOME CONDOMINIO,CANTAUCO CONSTRUCCION LTDA.,54714366.0,0.0,54714366.0
P-1691,3. COSTO MANO DE OBRA,ROSARIO ROSALES,CONSTRUCTORA E INMOBILIARIA PRADOVERDE LTDA.,-17223414.0,0.0,-17223414.0
P-1691,2. COSTO MATERIALES,ROSARIO ROSALES,CONSTRUCTORA E INMOBILIARIA PRADOVERDE LTDA.,-17523461.0,0.0,-17523461.0
P-1691,1. INGRESO,ROSARIO ROSALES,CONSTRUCTORA E INMOBILIARIA PRADOVERDE LTDA.,41603116.0,0.0,41603116.0
P-1692,3. COSTO MANO DE OBRA,JOSÉ PEREZ COTAPOS,EBCO S.A.,-40393357.0,-7576783.0,-47970140.0
P-1692,2. COSTO MATERIALES,JOSÉ PEREZ COTAPOS,EBCO S.A.,-41271160.0,-500000.0,-41771160.0
P-1692,1. INGRESO,JOSÉ PEREZ COTAPOS,EBCO S.A.,84957389.0,0.0,84957389.0
P-1693,3. COSTO MANO DE OBRA,VOLTA V0800,ECOBIO SPA,-25236917.0,-2407425.0,-27644342.0
P-1693,2. COSTO MATERIALES,VOLTA V0800,ECOBIO SPA,-89612109.0,0.0,-89612109.0
P-1694,3. COSTO MANO DE OBRA,ECO HUEMUL,CONSTRUCTORA ICF SPA,-18045646.0,-4736731.0,-22782377.0
P-1694,2. COSTO MATERIALES,ECO HUEMUL,CONSTRUCTORA ICF SPA,-18556968.0,-7000000.0,-25556968.0
P-1694,1. INGRESO,ECO HUEMUL,CONSTRUCTORA ICF SPA,45698568.0,17000065.0,62698633.0
P-1695,3. COSTO MANO DE OBRA,EDIFICIO ESTORIL,EMPRESA CONSTRUCTORA BRAVO E IZQUIERDO,-13163688.0,0.0,-13163688.0
P-1695,2. COSTO MATERIALES,EDIFICIO ESTORIL,EMPRESA CONSTRUCTORA BRAVO E IZQUIERDO,-17009933.0,-10500000.0,-27509933.0
P-1695,1. INGRESO,EDIFICIO ESTORIL,EMPRESA CONSTRUCTORA BRAVO E IZQUIERDO,30834000.0,13003381.0,43837381.0
P-1696,3. COSTO MANO DE OBRA,SANTA VICTORIA - TERRACORP,CONSTRUCTORA TERRACORP S.A.,-34798515.0,-1750141.0,-36548656.0
P-1696,2. COSTO MATERIALES,SANTA VICTORIA - TERRACORP,CONSTRUCTORA TERRACORP S.A.,-28547703.0,0.0,-28547703.0
P-1696,1. INGRESO,SANTA VICTORIA - TERRACORP,CONSTRUCTORA TERRACORP S.A.,75515364.0,0.0,75515364.0
P-1697,3. COSTO MANO DE OBRA,ESTOCOLMO,CONSTRUCTORA FORTALEZA S.A,-15721639.0,-4075065.0,-19796704.0
P-1697,2. COSTO MATERIALES,ESTOCOLMO,CONSTRUCTORA FORTALEZA S.A,-25685194.0,-2500000.0,-28185194.0
P-1697,1. INGRESO,ESTOCOLMO,CONSTRUCTORA FORTALEZA S.A,73596505.0,16105752.688196998,89702257.688197
P-1698,2. COSTO MATERIALES,CD ANDES,EBCO S.A.,-25887377.0,0.0,-25887377.0
P-1698,1. INGRESO,CD ANDES,EBCO S.A.,70273295.0,0.0,70273295.0
P-1699,3. COSTO MANO DE OBRA,VILLA PANAMERICANA LOTE B,EMPRESA CONSTRUCTORA DLP S.A.,-19304691.0,-8267470.0,-27572161.0
P-1699,2. COSTO MATERIALES,VILLA PANAMERICANA LOTE B,EMPRESA CONSTRUCTORA DLP S.A.,-22580828.0,-18000000.0,-40580828.0
P-1699,1. INGRESO,VILLA PANAMERICANA LOTE B,EMPRESA CONSTRUCTORA DLP S.A.,73159443.0,21598229.0,94757672.0
P-1700,3. COSTO MANO DE OBRA,CD ORIZON,EBCO S.A.,-32053851.0,-172081.0,-32225932.0
P-1700,2. COSTO MATERIALES,CD ORIZON,EBCO S.A.,-63386553.0,0.0,-63386553.0
P-1700,1. INGRESO,CD ORIZON,EBCO S.A.,126038809.0,0.0,126038809.0
P-1701,3. COSTO MANO DE OBRA,EDIFICIO ZENTENO,CONSTRUCTORA GREVIA SPA.,-25556198.0,0.0,-25556198.0
P-1701,2. COSTO MATERIALES,EDIFICIO ZENTENO,CONSTRUCTORA GREVIA SPA.,-33390080.0,0.0,-33390080.0
P-1701,1. INGRESO,EDIFICIO ZENTENO,CONSTRUCTORA GREVIA SPA.,79529092.0,0.0,79529092.0
P-1703,3. COSTO MANO DE OBRA,SANTA VICTORIA DANACORP,DANACORP S.A,-15932729.0,-1057164.0,-16989893.0
P-1703,2. COSTO MATERIALES,SANTA VICTORIA DANACORP,DANACORP S.A,-19811504.0,0.0,-19811504.0
P-1703,1. INGRESO,SANTA VICTORIA DANACORP,DANACORP S.A,51991271.0,0.0,51991271.0
P-1704,3. COSTO MANO DE OBRA,CD MERCADO LIBRE MEZZANINA,EBCO S.A.,-132643971.0,-14242535.0,-146886506.0
P-1704,2. COSTO MATERIALES,CD MERCADO LIBRE MEZZANINA,EBCO S.A.,-183715910.0,-24000000.0,-207715910.0
P-1704,1. INGRESO,CD MERCADO LIBRE MEZZANINA,EBCO S.A.,607371810.0,68606659.27885,675978469.27885
P-1705,3. COSTO MANO DE OBRA,LOS CLARINES,CONSTRUCTORA INARCO S.A.,-8357637.0,-5553518.0,-13911155.0
P-1705,2. COSTO MATERIALES,LOS CLARINES,CONSTRUCTORA INARCO S.A.,-9983765.0,-5000000.0,-14983765.0
P-1705,1. INGRESO,LOS CLARINES,CONSTRUCTORA INARCO S.A.,10097528.0,20190289.0,30287817.0
P-1706,3. COSTO MANO DE OBRA,CALIFORNIA,CONSTRUCTORA E INVERSIONES VITAL SPA.,-4875121.0,-1197155.0,-6072276.0
P-1706,2. COSTO MATERIALES,CALIFORNIA,CONSTRUCTORA E INVERSIONES VITAL SPA.,-7879330.0,-5000000.0,-12879330.0
P-1706,1. INGRESO,CALIFORNIA,CONSTRUCTORA E INVERSIONES VITAL SPA.,18664851.0,17637537.0,36302388.0
P-1707,3. COSTO MANO DE OBRA,LAS TRANQUERAS,CONSTRUCTORA SANTOLAYA LTDA.,-11882405.0,-1568341.0,-13450746.0
P-1707,2. COSTO MATERIALES,LAS TRANQUERAS,CONSTRUCTORA SANTOLAYA LTDA.,-10347749.0,-7000000.0,-17347749.0
P-1707,1. INGRESO,LAS TRANQUERAS,CONSTRUCTORA SANTOLAYA LTDA.,30065971.0,7084468.0,37150439.0
P-1708,3. COSTO MANO DE OBRA,ECO ESPAÑA,CONSTRUCTORA ICF SPA,-1471220.0,-921206.0,-2392426.0
P-1708,2. COSTO MATERIALES,ECO ESPAÑA,CONSTRUCTORA ICF SPA,-125100.0,0.0,-125100.0
P-1708,1. INGRESO,ECO ESPAÑA,CONSTRUCTORA ICF SPA,0.0,1568763.0,1568763.0
P-1709,3. COSTO MANO DE OBRA,CENTRO COMERCIAL PASEO SAN PEDRO,EBCO S.A.,-11652547.0,-2333919.0,-13986466.0
P-1709,2. COSTO MATERIALES,CENTRO COMERCIAL PASEO SAN PEDRO,EBCO S.A.,-31005953.0,-500000.0,-31505953.0
P-1709,1. INGRESO,CENTRO COMERCIAL PASEO SAN PEDRO,EBCO S.A.,72858203.0,11127770.0,83985973.0
P-1712,3. COSTO MANO DE OBRA,CENTRO COMERCIAL VIÑA OUTLET PARK,EBCO S.A.,-26854367.0,-2791400.0,-29645767.0
P-1712,2. COSTO MATERIALES,CENTRO COMERCIAL VIÑA OUTLET PARK,EBCO S.A.,-40112958.0,-8500000.0,-48612958.0
P-1712,1. INGRESO,CENTRO COMERCIAL VIÑA OUTLET PARK,EBCO S.A.,150118878.0,14901765.86532965,165020643.86532965
P-1713,3. COSTO MANO DE OBRA,RESERVA SAN FRANCISCO,EMPRESA NACIONAL DE CONSTRUCCIÓN LAS VERTIENTES SPA,-3792258.0,-172081.0,-3964339.0
P-1713,2. COSTO MATERIALES,RESERVA SAN FRANCISCO,EMPRESA NACIONAL DE CONSTRUCCIÓN LAS VERTIENTES SPA,-1865409.0,0.0,-1865409.0
P-1713,1. INGRESO,RESERVA SAN FRANCISCO,EMPRESA NACIONAL DE CONSTRUCCIÓN LAS VERTIENTES SPA,4823540.0,0.0,4823540.0
P-1714,3. COSTO MANO DE OBRA,DEPARTAMENTAL II,CONSTRUCTORA FUERZA SUR DOS SPA,-16096575.0,-738438.0,-16835013.0
P-1714,2. COSTO MATERIALES,DEPARTAMENTAL II,CONSTRUCTORA FUERZA SUR DOS SPA,-37356272.0,0.0,-37356272.0
P-1714,1. INGRESO,DEPARTAMENTAL II,CONSTRUCTORA FUERZA SUR DOS SPA,52496652.0,2436155.0,54932807.0
P-1715,3. COSTO MANO DE OBRA,CD LO ECHEVERS,QUEZADA Y BOETSCH,-12758158.0,-3709490.0,-16467648.0
P-1715,2. COSTO MATERIALES,CD LO ECHEVERS,QUEZADA Y BOETSCH,-22024051.0,-6000000.0,-28024051.0
P-1715,1. INGRESO,CD LO ECHEVERS,QUEZADA Y BOETSCH,40610937.0,18230799.583,58841736.583000004
P-1716,3. COSTO MANO DE OBRA,CD ASTARA,ASTARA LOGÍSTICA CHILE SPA.,-24655855.0,-895428.0,-25551283.0
P-1716,2. COSTO MATERIALES,CD ASTARA,ASTARA LOGÍSTICA CHILE SPA.,-28021527.0,0.0,-28021527.0
P-1716,1. INGRESO,CD ASTARA,ASTARA LOGÍSTICA CHILE SPA.,115844538.0,10082518.0,125927056.0
P-1717,2. COSTO MATERIALES,ECO QUILÍN I,CONSTRUCTORA ICF SPA,0.0,0.0,0.0
P-1718,3. COSTO MANO DE OBRA,PATIO COMIDAS,EBCO S.A.,-29315555.0,-8486339.0,-37801894.0
P-1718,2. COSTO MATERIALES,PATIO COMIDAS,EBCO S.A.,-17213425.0,-12000000.0,-29213425.0
P-1718,1. INGRESO,PATIO COMIDAS,EBCO S.A.,104494756.0,18676629.0,123171385.0
P-1719,1. INGRESO,CD METALPAR,EBCO S.A.,131348.0,0.0,131348.0
P-1720,3. COSTO MANO DE OBRA,,,0.0,0.0,0.0
P-1720,1. INGRESO,,,0.0,0.0,0.0
P-1721,3. COSTO MANO DE OBRA,STRIP CENTER LUIS PASTEUR,INMOBILIARIA LUIS PASTEUR S.A.,-7120681.0,-2706033.0,-9826714.0
P-1721,2. COSTO MATERIALES,STRIP CENTER LUIS PASTEUR,INMOBILIARIA LUIS PASTEUR S.A.,-9089290.0,-7500000.0,-16589290.0
P-1721,1. INGRESO,STRIP CENTER LUIS PASTEUR,INMOBILIARIA LUIS PASTEUR S.A.,23320880.0,17010449.0,40331329.0
P-1722,1. INGRESO,ECO CERRILLOS,CONSTRUCTORA ICF SPA,0.0,0.0,0.0
P-1723,3. COSTO MANO DE OBRA,VILLA PANAMERICANA LOTE C,CONSTRUCTORA MENA Y OVALLE S.A.,-10269821.0,-7889395.0,-18159216.0
P-1723,2. COSTO MATERIALES,VILLA PANAMERICANA LOTE C,CONSTRUCTORA MENA Y OVALLE S.A.,-10817986.0,-53000000.0,-63817986.0
P-1723,1. INGRESO,VILLA PANAMERICANA LOTE C,CONSTRUCTORA MENA Y OVALLE S.A.,18134971.0,68515939.0,86650910.0
P-1724,3. COSTO MANO DE OBRA,,,-506066.0,0.0,-506066.0
P-1724,2. COSTO MATERIALES,,,-7634256.0,0.0,-7634256.0
P-1724,1. INGRESO,,,28844553.0,90720.0,28935273.0
P-1725,3. COSTO MANO DE OBRA,LO CAÑAS,CONSTRUCTORA BRISAS DE BATUCO,-2705788.0,-2120143.0,-4825931.0
P-1725,2. COSTO MATERIALES,LO CAÑAS,CONSTRUCTORA BRISAS DE BATUCO,-4180127.0,-6000000.0,-10180127.0
P-1725,1. INGRESO,LO CAÑAS,CONSTRUCTORA BRISAS DE BATUCO,8921780.0,19181571.0,28103351.0
P-1726,3. COSTO MANO DE OBRA,,,-2654140.0,-2654140.0,-5308280.0
P-1726,2. COSTO MATERIALES,,,-14374046.0,-10000000.0,-24374046.0
P-1726,1. INGRESO,,,21037279.0,25429159.0,46466438.0
P-1727,3. COSTO MANO DE OBRA,,,-4714680.0,-3205300.0,-7919980.0
P-1727,2. COSTO MATERIALES,,,-3753865.0,-9500000.0,-13253865.0
P-1727,1. INGRESO,,,11005000.0,17255460.0,28260460.0
P-1728,3. COSTO MANO DE OBRA,,,-630869.0,-541472.0,-1172341.0
P-1728,2. COSTO MATERIALES,,,-1822779.0,0.0,-1822779.0
P-1729,2. COSTO MATERIALES,,,0.0,0.0,0.0
P-1557,1. INGRESO,ROSARIO ROSALES,EBCO S.A.,0.0,0.0,0.0
P-1557,2. COSTO MATERIALES,ROSARIO ROSALES,EBCO S.A.,0.0,0.0,0.0
P-1557,4. COSTO SUPERVISIÓN,ROSARIO ROSALES,EBCO S.A.,0.0,0.0,0.0
P-1591,1. INGRESO,EDIFICIO ESTORIL,EBCO S.A.,0.0,0.0,0.0
P-1591,2. COSTO MATERIALES,EDIFICIO ESTORIL,EBCO S.A.,0.0,0.0,0.0
P-1591,4. COSTO SUPERVISIÓN,EDIFICIO ESTORIL,EBCO S.A.,0.0,0.0,0.0
P-1592,1. INGRESO,NUEVA COSTANERA 3300,EBCO S.A.,17821101.0,0.0,17821101.0
P-1592,3. COSTO MANO DE OBRA,NUEVA COSTANERA 3300,EBCO S.A.,0.0,0.0,0.0
P-1592,4. COSTO SUPERVISIÓN,NUEVA COSTANERA 3300,EBCO S.A.,0.0,0.0,0.0
P-1603,1. INGRESO,FARELLONES,EMPRESA CONSTRUCTORA DLP S.A.,0.0,0.0,0.0
P-1603,3. COSTO MANO DE OBRA,FARELLONES,EMPRESA CONSTRUCTORA DLP S.A.,0.0,0.0,0.0
P-1603,4. COSTO SUPERVISIÓN,FARELLONES,EMPRESA CONSTRUCTORA DLP S.A.,0.0,0.0,0.0
P-1611,1. INGRESO,EDIFICIO PLAZA EGAÑA,EBCO S.A.,4173520.0,0.0,4173520.0
P-1611,3. COSTO MANO DE OBRA,EDIFICIO PLAZA EGAÑA,EBCO S.A.,0.0,0.0,0.0
P-1611,4. COSTO SUPERVISIÓN,EDIFICIO PLAZA EGAÑA,EBCO S.A.,0.0,0.0,0.0
P-1612,1. INGRESO,BARRIO PARQUE SANTIAGO 7,CONSTRUCTORA ALTURAS DEL SUR S.A,0.0,0.0,0.0
P-1612,3. COSTO MANO DE OBRA,BARRIO PARQUE SANTIAGO 7,CONSTRUCTORA ALTURAS DEL SUR S.A,0.0,0.0,0.0
P-1612,4. COSTO SUPERVISIÓN,BARRIO PARQUE SANTIAGO 7,CONSTRUCTORA ALTURAS DEL SUR S.A,0.0,0.0,0.0
P-1620,1. INGRESO,"OF APOQUINDO- HABILITACIONES, INTEGRACION Y ADICIONALES.",CONSTRUCTORA INARCO S.A.,0.0,0.0,0.0
P-1620,3. COSTO MANO DE OBRA,"OF APOQUINDO- HABILITACIONES, INTEGRACION Y ADICIONALES.",CONSTRUCTORA INARCO S.A.,0.0,0.0,0.0
P-1620,4. COSTO SUPERVISIÓN,"OF APOQUINDO- HABILITACIONES, INTEGRACION Y ADICIONALES.",CONSTRUCTORA INARCO S.A.,0.0,0.0,0.0
P-1626,1. INGRESO,CLINICA BIO BIO,CONSTRUCTORA LYD S.A.,75533.0,0.0,75533.0
P-1626,3. COSTO MANO DE OBRA,CLINICA BIO BIO,CONSTRUCTORA LYD S.A.,0.0,0.0,0.0
P-1626,4. COSTO SUPERVISIÓN,CLINICA BIO BIO,CONSTRUCTORA LYD S.A.,0.0,0.0,0.0
P-1632,1. INGRESO,CHORRILLOS CLOROX,CONSTRUCTORA SUKSA S.A.,0.0,0.0,0.0
P-1632,3. COSTO MANO DE OBRA,CHORRILLOS CLOROX,CONSTRUCTORA SUKSA S.A.,0.0,0.0,0.0
P-1632,4. COSTO SUPERVISIÓN,CHORRILLOS CLOROX,CONSTRUCTORA SUKSA S.A.,0.0,0.0,0.0
P-1636,1. INGRESO,SANTO DOMINGO 1410,DANACORP S.A,3766664.0,0.0,3766664.0
P-1636,3. COSTO MANO DE OBRA,SANTO DOMINGO 1410,DANACORP S.A,-410529.0,0.0,-410529.0
P-1636,4. COSTO SUPERVISIÓN,SANTO DOMINGO 1410,DANACORP S.A,0.0,0.0,0.0
P-1639,1. INGRESO,LYON 2546,MOLLER Y PEREZ - COTAPOS CONSTRUCCIONES INDUSTRIALES S.A,24934793.0,0.0,24934793.0
P-1639,3. COSTO MANO DE OBRA,LYON 2546,MOLLER Y PEREZ - COTAPOS CONSTRUCCIONES INDUSTRIALES S.A,-1536471.0,0.0,-1536471.0
P-1639,4. COSTO SUPERVISIÓN,LYON 2546,MOLLER Y PEREZ - COTAPOS CONSTRUCCIONES INDUSTRIALES S.A,0.0,0.0,0.0
P-1641,1. INGRESO,INACAP TEMUCO,DESARROLLOS CONSTRUCTIVOS AXIS SOCIEDAD ANONIMA,0.0,0.0,0.0
P-1641,3. COSTO MANO DE OBRA,INACAP TEMUCO,DESARROLLOS CONSTRUCTIVOS AXIS SOCIEDAD ANONIMA,0.0,0.0,0.0
P-1641,4. COSTO SUPERVISIÓN,INACAP TEMUCO,DESARROLLOS CONSTRUCTIVOS AXIS SOCIEDAD ANONIMA,0.0,0.0,0.0
P-1642,1. INGRESO,CORINTO,EMP. CONSTRUCTORA INGENIEROS S.A.,7163026.0,0.0,7163026.0
P-1642,3. COSTO MANO DE OBRA,CORINTO,EMP. CONSTRUCTORA INGENIEROS S.A.,0.0,0.0,0.0
P-1642,4. COSTO SUPERVISIÓN,CORINTO,EMP. CONSTRUCTORA INGENIEROS S.A.,0.0,0.0,0.0
P-1643,1. INGRESO,CHORRILLOS M4,CONSTRUCTORA SUKSA S.A.,0.0,0.0,0.0
P-1643,3. COSTO MANO DE OBRA,CHORRILLOS M4,CONSTRUCTORA SUKSA S.A.,0.0,0.0,0.0
P-1643,4. COSTO SUPERVISIÓN,CHORRILLOS M4,CONSTRUCTORA SUKSA S.A.,0.0,0.0,0.0
P-1644,1. INGRESO,MIRADOR DE SAN CRISTOBAL,EBCO S.A.,16864978.0,0.0,16864978.0
P-1644,3. COSTO MANO DE OBRA,MIRADOR DE SAN CRISTOBAL,EBCO S.A.,-341190.0,0.0,-341190.0
P-1644,4. COSTO SUPERVISIÓN,MIRADOR DE SAN CRISTOBAL,EBCO S.A.,0.0,0.0,0.0
P-1645,3. COSTO MANO DE OBRA,LOS TRES ANTONIOS,SOCIEDAD CONSTRUCTORA ECHAVARRI HERMANOS LIMITADA,-3015429.0,0.0,-3015429.0
P-1645,4. COSTO SUPERVISIÓN,LOS TRES ANTONIOS,SOCIEDAD CONSTRUCTORA ECHAVARRI HERMANOS LIMITADA,0.0,0.0,0.0
P-1648,1. INGRESO,ETAPA 2 CD PERALILLO TW,INMOBILIARIA Y RENTAS LOGÍSTICA S.A.,672750.0,0.0,672750.0
P-1648,3. COSTO MANO DE OBRA,ETAPA 2 CD PERALILLO TW,INMOBILIARIA Y RENTAS LOGÍSTICA S.A.,0.0,0.0,0.0
P-1648,4. COSTO SUPERVISIÓN,ETAPA 2 CD PERALILLO TW,INMOBILIARIA Y RENTAS LOGÍSTICA S.A.,0.0,0.0,0.0
P-1649,1. INGRESO,INACAP VITACURA E2,CONSTRUCTORA CUEVAS Y PURCELL S.A.,54564902.0,0.0,54564902.0
P-1649,3. COSTO MANO DE OBRA,INACAP VITACURA E2,CONSTRUCTORA CUEVAS Y PURCELL S.A.,-220289.0,0.0,-220289.0
P-1649,4. COSTO SUPERVISIÓN,INACAP VITACURA E2,CONSTRUCTORA CUEVAS Y PURCELL S.A.,0.0,0.0,0.0
P-1653,1. INGRESO,EDUARDO DE LA BARRA,CONSTRUCTORA E INVERSIONES VITAL SPA.,13787411.0,0.0,13787411.0
P-1653,3. COSTO MANO DE OBRA,EDUARDO DE LA BARRA,CONSTRUCTORA E INVERSIONES VITAL SPA.,0.0,0.0,0.0
P-1653,4. COSTO SUPERVISIÓN,EDUARDO DE LA BARRA,CONSTRUCTORA E INVERSIONES VITAL SPA.,0.0,0.0,0.0
P-1656,1. INGRESO,MIRADOR CLUB HÍPICO,CONSTRUCTORA VITAL EDIFICACION SPA,16765455.0,0.0,16765455.0
P-1656,3. COSTO MANO DE OBRA,MIRADOR CLUB HÍPICO,CONSTRUCTORA VITAL EDIFICACION SPA,-929633.0,0.0,-929633.0
P-1656,4. COSTO SUPERVISIÓN,MIRADOR CLUB HÍPICO,CONSTRUCTORA VITAL EDIFICACION SPA,0.0,0.0,0.0
P-1658,1. INGRESO,VIVIPRA,VICHERAT Y PRADENAS LTDA.,30794481.0,0.0,30794481.0
P-1658,3. COSTO MANO DE OBRA,VIVIPRA,VICHERAT Y PRADENAS LTDA.,-319859.0,0.0,-319859.0
P-1658,4. COSTO SUPERVISIÓN,VIVIPRA,VICHERAT Y PRADENAS LTDA.,0.0,0.0,0.0
P-1660,1. INGRESO,CORONEL ALVARADO,LARRAIN PRIETO RISOPATRON S.A.,26532592.0,0.0,26532592.0
P-1660,3. COSTO MANO DE OBRA,CORONEL ALVARADO,LARRAIN PRIETO RISOPATRON S.A.,-6132285.0,0.0,-6132285.0
P-1660,4. COSTO SUPERVISIÓN,CORONEL ALVARADO,LARRAIN PRIETO RISOPATRON S.A.,0.0,0.0,0.0
P-1661,1. INGRESO,SAN VICENTE DE PAUL,DANACORP S.A,39824566.0,0.0,39824566.0
P-1661,3. COSTO MANO DE OBRA,SAN VICENTE DE PAUL,DANACORP S.A,-1144426.0,0.0,-1144426.0
P-1661,4. COSTO SUPERVISIÓN,SAN VICENTE DE PAUL,DANACORP S.A,0.0,0.0,0.0
P-1663,1. INGRESO,OFICINAS EQUIFAX,CONSTRUCTORA VRK INGENIERIA LIMITADA,0.0,0.0,0.0
P-1663,3. COSTO MANO DE OBRA,OFICINAS EQUIFAX,CONSTRUCTORA VRK INGENIERIA LIMITADA,0.0,0.0,0.0
P-1663,4. COSTO SUPERVISIÓN,OFICINAS EQUIFAX,CONSTRUCTORA VRK INGENIERIA LIMITADA,0.0,0.0,0.0
P-1664,1. INGRESO,MK II PCI,COMERCIAL K SPA.,138414890.0,0.0,138414890.0
P-1664,3. COSTO MANO DE OBRA,MK II PCI,COMERCIAL K SPA.,0.0,0.0,0.0
P-1664,4. COSTO SUPERVISIÓN,MK II PCI,COMERCIAL K SPA.,0.0,0.0,0.0
P-1666,1. INGRESO,CD AXIONLONG,EBCO S.A.,72760796.0,0.0,72760796.0
P-1666,3. COSTO MANO DE OBRA,CD AXIONLONG,EBCO S.A.,-1957926.0,0.0,-1957926.0
P-1666,4. COSTO SUPERVISIÓN,CD AXIONLONG,EBCO S.A.,0.0,0.0,0.0
P-1667,1. INGRESO,ECO PLACILLA,CONSTRUCTORA ICF SPA,84392408.0,0.0,84392408.0
P-1667,4. COSTO SUPERVISIÓN,ECO PLACILLA,CONSTRUCTORA ICF SPA,0.0,0.0,0.0
P-1668,1. INGRESO,QUILLAYES PLAZA,E.MOLINA MOREL CONSTRUCTORA S.A.,34896288.0,0.0,34896288.0
P-1668,3. COSTO MANO DE OBRA,QUILLAYES PLAZA,E.MOLINA MOREL CONSTRUCTORA S.A.,-7927098.0,0.0,-7927098.0
P-1668,4. COSTO SUPERVISIÓN,QUILLAYES PLAZA,E.MOLINA MOREL CONSTRUCTORA S.A.,0.0,0.0,0.0
P-1669,1. INGRESO,DEPARTAMENTAL,EMP. CONSTRUCTORA INGENIEROS S.A.,19895589.0,0.0,19895589.0
P-1669,4. COSTO SUPERVISIÓN,DEPARTAMENTAL,EMP. CONSTRUCTORA INGENIEROS S.A.,0.0,0.0,0.0
P-1670,3. COSTO MANO DE OBRA,MK II SEGURIDAD Y REDES,COMERCIAL K SPA.,-431689.0,0.0,-431689.0
P-1670,4. COSTO SUPERVISIÓN,MK II SEGURIDAD Y REDES,COMERCIAL K SPA.,0.0,0.0,0.0
P-1672,3. COSTO MANO DE OBRA,STA CLARA (CCDD-TELECOM),CONSTRUCTORA UPC S.A.,-46046794.0,0.0,-46046794.0
P-1672,4. COSTO SUPERVISIÓN,STA CLARA (CCDD-TELECOM),CONSTRUCTORA UPC S.A.,0.0,0.0,0.0
P-1673,1. INGRESO,INACAP TEMUCO - ETAPA A,UNIVERSIDAD TECNOLOGICA DE CHILE INACAP,26810752.0,0.0,26810752.0
P-1673,3. COSTO MANO DE OBRA,INACAP TEMUCO - ETAPA A,UNIVERSIDAD TECNOLOGICA DE CHILE INACAP,0.0,0.0,0.0
P-1673,4. COSTO SUPERVISIÓN,INACAP TEMUCO - ETAPA A,UNIVERSIDAD TECNOLOGICA DE CHILE INACAP,0.0,0.0,0.0
P-1674,1. INGRESO,OFICINAS BEIERSDORF CHORRILLOS,CONSTRUCTORA SUKSA S.A.,23646019.0,0.0,23646019.0
P-1674,3. COSTO MANO DE OBRA,OFICINAS BEIERSDORF CHORRILLOS,CONSTRUCTORA SUKSA S.A.,-191930.0,0.0,-191930.0
P-1674,4. COSTO SUPERVISIÓN,OFICINAS BEIERSDORF CHORRILLOS,CONSTRUCTORA SUKSA S.A.,0.0,0.0,0.0
P-1675,3. COSTO MANO DE OBRA,PALENA II,CONSTRUCTORA MYA SPA.,-4557877.0,0.0,-4557877.0
P-1675,4. COSTO SUPERVISIÓN,PALENA II,CONSTRUCTORA MYA SPA.,0.0,0.0,0.0
P-1676,1. INGRESO,LO CAMPINO,EBCO S.A.,149103751.0,0.0,149103751.0
P-1676,4. COSTO SUPERVISIÓN,LO CAMPINO,EBCO S.A.,0.0,0.0,0.0
P-1677,4. COSTO SUPERVISIÓN,GALVARINO GALLARDO,MOLLER Y PEREZ - COTAPOS CONSTRUCCIONES INDUSTRIALES S.A,0.0,0.0,0.0
P-1679,1. INGRESO,JUAN SABAJ,CONSTRUCTORA GREVIA,0.0,0.0,0.0
P-1679,4. COSTO SUPERVISIÓN,JUAN SABAJ,CONSTRUCTORA GREVIA,0.0,0.0,0.0
P-1680,4. COSTO SUPERVISIÓN,NUEVA UNO,CONSTRUCTORA TECSA S.A.,0.0,0.0,0.0
P-1681,2. COSTO MATERIALES, CD ROSEN (CCTV PROVISORIO),COLCHONES ROSEN SAIC,-2962572.0,0.0,-2962572.0
P-1681,3. COSTO MANO DE OBRA, CD ROSEN (CCTV PROVISORIO),COLCHONES ROSEN SAIC,-337550.0,0.0,-337550.0
P-1681,4. COSTO SUPERVISIÓN, CD ROSEN (CCTV PROVISORIO),COLCHONES ROSEN SAIC,0.0,0.0,0.0
P-1682,4. COSTO SUPERVISIÓN,PLAZA CEPPI,EMP. CONSTRUCTORA INGENIEROS S.A.,0.0,0.0,0.0
P-1683,1. INGRESO,CD BP-A05,EBCO S.A.,53738729.0,0.0,53738729.0
P-1683,3. COSTO MANO DE OBRA,CD BP-A05,EBCO S.A.,-287910.0,0.0,-287910.0
P-1683,4. COSTO SUPERVISIÓN,CD BP-A05,EBCO S.A.,0.0,0.0,0.0
P-1684,4. COSTO SUPERVISIÓN,EDIFICIO GOYCOLEA,EBCO S.A.,0.0,0.0,0.0
P-1685,1. INGRESO,MAPA EDIFICIOS NO OPERACIONALES,CLARO VICUÑA VALENZUELA S.A.,48965677.0,0.0,48965677.0
P-1685,3. COSTO MANO DE OBRA,MAPA EDIFICIOS NO OPERACIONALES,CLARO VICUÑA VALENZUELA S.A.,-30464419.0,0.0,-30464419.0
P-1685,4. COSTO SUPERVISIÓN,MAPA EDIFICIOS NO OPERACIONALES,CLARO VICUÑA VALENZUELA S.A.,0.0,0.0,0.0
P-1686,4. COSTO SUPERVISIÓN,MACUL ICALMA,EMPRESA CONSTRUCTORA INGEVEC S.A.,0.0,0.0,0.0
P-1687,4. COSTO SUPERVISIÓN,ROJAS MAGALLANES,E.MOLINA MOREL CONSTRUCTORA S.A.,0.0,0.0,0.0
P-1688,4. COSTO SUPERVISIÓN,SUIZA,MOLLER Y PEREZ - COTAPOS CONSTRUCCIONES INDUSTRIALES S.A,0.0,0.0,0.0
P-1689,1. INGRESO,CASINO BUENAVENTURA,EBCO S.A.,22795459.0,0.0,22795459.0
P-1689,3. COSTO MANO DE OBRA,CASINO BUENAVENTURA,EBCO S.A.,-2217581.0,0.0,-2217581.0
P-1689,4. COSTO SUPERVISIÓN,CASINO BUENAVENTURA,EBCO S.A.,0.0,0.0,0.0
P-1690,4. COSTO SUPERVISIÓN,ONGOLMO - HOME CONDOMINIO,CANTAUCO CONSTRUCCION LTDA.,0.0,0.0,0.0
P-1691,4. COSTO SUPERVISIÓN,ROSARIO ROSALES,CONSTRUCTORA E INMOBILIARIA PRADOVERDE LTDA.,0.0,0.0,0.0
P-1692,4. COSTO SUPERVISIÓN,JOSÉ PEREZ COTAPOS,EBCO S.A.,0.0,0.0,0.0
P-1693,1. INGRESO,VOLTA V0800,ECOBIO SPA,138699361.0,0.0,138699361.0
P-1693,4. COSTO SUPERVISIÓN,VOLTA V0800,ECOBIO SPA,0.0,0.0,0.0
P-1694,4. COSTO SUPERVISIÓN,ECO HUEMUL,CONSTRUCTORA ICF SPA,0.0,0.0,0.0
P-1695,4. COSTO SUPERVISIÓN,EDIFICIO ESTORIL,EMPRESA CONSTRUCTORA BRAVO E IZQUIERDO,0.0,0.0,0.0
P-1696,4. COSTO SUPERVISIÓN,SANTA VICTORIA - TERRACORP,CONSTRUCTORA TERRACORP S.A.,0.0,0.0,0.0
P-1697,4. COSTO SUPERVISIÓN,ESTOCOLMO,CONSTRUCTORA FORTALEZA S.A,0.0,0.0,0.0
P-1698,3. COSTO MANO DE OBRA,CD ANDES,EBCO S.A.,-19007691.0,0.0,-19007691.0
P-1698,4. COSTO SUPERVISIÓN,CD ANDES,EBCO S.A.,0.0,0.0,0.0
P-1699,4. COSTO SUPERVISIÓN,VILLA PANAMERICANA LOTE B,EMPRESA CONSTRUCTORA DLP S.A.,0.0,0.0,0.0
P-1700,4. COSTO SUPERVISIÓN,CD ORIZON,EBCO S.A.,0.0,0.0,0.0
P-1701,4. COSTO SUPERVISIÓN,EDIFICIO ZENTENO,CONSTRUCTORA GREVIA SPA.,0.0,0.0,0.0
P-1703,4. COSTO SUPERVISIÓN,SANTA VICTORIA DANACORP,DANACORP S.A,0.0,0.0,0.0
P-1704,4. COSTO SUPERVISIÓN,CD MERCADO LIBRE MEZZANINA,EBCO S.A.,0.0,0.0,0.0
P-1705,4. COSTO SUPERVISIÓN,LOS CLARINES,CONSTRUCTORA INARCO S.A.,0.0,0.0,0.0
P-1706,4. COSTO SUPERVISIÓN,CALIFORNIA,CONSTRUCTORA E INVERSIONES VITAL SPA.,0.0,0.0,0.0
P-1707,4. COSTO SUPERVISIÓN,LAS TRANQUERAS,CONSTRUCTORA SANTOLAYA LTDA.,0.0,0.0,0.0
P-1708,4. COSTO SUPERVISIÓN,ECO ESPAÑA,CONSTRUCTORA ICF SPA,0.0,0.0,0.0
P-1709,4. COSTO SUPERVISIÓN,CENTRO COMERCIAL PASEO SAN PEDRO,EBCO S.A.,0.0,0.0,0.0
P-1712,4. COSTO SUPERVISIÓN,CENTRO COMERCIAL VIÑA OUTLET PARK,EBCO S.A.,0.0,0.0,0.0
P-1713,4. COSTO SUPERVISIÓN,RESERVA SAN FRANCISCO,EMPRESA NACIONAL DE CONSTRUCCIÓN LAS VERTIENTES SPA,0.0,0.0,0.0
P-1714,4. COSTO SUPERVISIÓN,DEPARTAMENTAL II,CONSTRUCTORA FUERZA SUR DOS SPA,0.0,0.0,0.0
P-1715,4. COSTO SUPERVISIÓN,CD LO ECHEVERS,QUEZADA Y BOETSCH,0.0,0.0,0.0
P-1716,4. COSTO SUPERVISIÓN,CD ASTARA,ASTARA LOGÍSTICA CHILE SPA.,0.0,0.0,0.0
P-1717,1. INGRESO,ECO QUILÍN I,CONSTRUCTORA ICF SPA,0.0,0.0,0.0
P-1717,3. COSTO MANO DE OBRA,ECO QUILÍN I,CONSTRUCTORA ICF SPA,0.0,0.0,0.0
P-1717,4. COSTO SUPERVISIÓN,ECO QUILÍN I,CONSTRUCTORA ICF SPA,0.0,0.0,0.0
P-1718,4. COSTO SUPERVISIÓN,PATIO COMIDAS,EBCO S.A.,0.0,0.0,0.0
P-1719,2. COSTO MATERIALES,CD METALPAR,EBCO S.A.,0.0,0.0,0.0
P-1719,3. COSTO MANO DE OBRA,CD METALPAR,EBCO S.A.,0.0,0.0,0.0
P-1719,4. COSTO SUPERVISIÓN,CD METALPAR,EBCO S.A.,0.0,0.0,0.0
P-1720,2. COSTO MATERIALES,,,0.0,0.0,0.0
P-1720,4. COSTO SUPERVISIÓN,,,0.0,0.0,0.0
P-1721,4. COSTO SUPERVISIÓN,STRIP CENTER LUIS PASTEUR,INMOBILIARIA LUIS PASTEUR S.A.,0.0,0.0,0.0
P-1722,2. COSTO MATERIALES,ECO CERRILLOS,CONSTRUCTORA ICF SPA,0.0,0.0,0.0
P-1722,3. COSTO MANO DE OBRA,ECO CERRILLOS,CONSTRUCTORA ICF SPA,0.0,0.0,0.0
P-1722,4. COSTO SUPERVISIÓN,ECO CERRILLOS,CONSTRUCTORA ICF SPA,0.0,0.0,0.0
P-1723,4. COSTO SUPERVISIÓN,VILLA PANAMERICANA LOTE C,CONSTRUCTORA MENA Y OVALLE S.A.,0.0,0.0,0.0
P-1724,4. COSTO SUPERVISIÓN,,,0.0,0.0,0.0
P-1725,4. COSTO SUPERVISIÓN,LO CAÑAS,CONSTRUCTORA BRISAS DE BATUCO,0.0,0.0,0.0
P-1726,4. COSTO SUPERVISIÓN,,,0.0,0.0,0.0
P-1727,4. COSTO SUPERVISIÓN,,,0.0,0.0,0.0
P-1728,1. INGRESO,,,0.0,6372127.0,6372127.0
P-1728,4. COSTO SUPERVISIÓN,,,0.0,0.0,0.0
P-1729,1. INGRESO,,,0.0,0.0,0.0
P-1729,3. COSTO MANO DE OBRA,,,0.0,0.0,0.0
P-1729,4. COSTO SUPERVISIÓN,,,0.0,0.0,0.0
1. TOTAL,4. COSTO SUPERVISIÓN,1. TOTAL,1. TOTAL,-69873160.0,-5096121.0,-74969281.0
1. TOTAL,1. INGRESO,1. TOTAL,1. TOTAL,4042394062.0,455821573.22181666,4498215635.221817
1. TOTAL,2. COSTO MATERIALES,1. TOTAL,1. TOTAL,-1516685549.0,-212300000.0,-1728985549.0
1. TOTAL,3. COSTO MANO DE OBRA,1. TOTAL,1. TOTAL,-962035446.0,-111885468.0,-1073920914.0
