,CODIGO_PROYECTO,TIPO_CUENTA,TOTAL_LB,NOMBRE_OBRA,NOMBRE_CLIENTE,TOTAL,MARGEN
0,P-1557,3. COSTO MANO DE OBRA,0.0,ROSARIO ROSALES,EBCO S.A.,-945949,0.0
1,P-1591,3. COSTO MANO DE OBRA,0.0,EDIFICIO ESTORIL,EBCO S.A.,-2483998,0.0
2,P-1592,2. COSTO MATERIALES,0.0,NUEVA COSTANERA 3300,EBCO S.A.,51537,0.0
3,P-1603,2. COSTO MATERIALES,0.0,FARELLONES,EMPRESA CONSTRUCTORA DLP S.A.,0,0.0
4,P-1611,2. COSTO MATERIALES,0.0,EDIFICIO PLAZA EGAÑA,EBCO S.A.,0,0.0
5,P-1612,2. COSTO MATERIALES,0.0,BARRIO PARQUE SANTIAGO 7,CONSTRUCTORA ALTURAS DEL SUR S.A,0,0.0
6,P-1620,2. COSTO MATERIALES,0.0,"OF APOQUINDO- HABILITACIONES, INTEGRACION Y ADICIONALES.",CONSTRUCTORA INARCO S.A.,0,0.0
7,P-1626,2. COSTO MATERIALES,0.0,CLINICA BIO BIO,CONSTRUCTORA LYD S.A.,0,0.0
8,P-1632,2. COSTO MATERIALES,0.0,CHORRILLOS CLOROX,CONSTRUCTORA SUKSA S.A.,75965,0.0
9,P-1639,2. COSTO MATERIALES,0.0,LYON 2546,MOLLER Y PEREZ - COTAPOS CONSTRUCCIONES INDUSTRIALES S.A,0,0.0
10,P-1641,2. COSTO MATERIALES,0.0,INACAP TEMUCO,DESARROLLOS CONSTRUCTIVOS AXIS SOCIEDAD ANONIMA,0,0.0
11,P-1642,2. COSTO MATERIALES,0.0,CORINTO,EMP. CONSTRUCTORA INGENIEROS S.A.,0,0.0
12,P-1643,2. COSTO MATERIALES,0.0,CHORRILLOS M4,CONSTRUCTORA SUKSA S.A.,-330968,0.0
13,P-1644,2. COSTO MATERIALES,0.0,MIRADOR DE SAN CRISTOBAL,EBCO S.A.,0,0.0
14,P-1645,2. COSTO MATERIALES,0.0,LOS TRES ANTONIOS,SOCIEDAD CONSTRUCTORA ECHAVARRI HERMANOS LIMITADA,19980,0.0
15,P-1645,1. INGRESO,0.0,LOS TRES ANTONIOS,SOCIEDAD CONSTRUCTORA ECHAVARRI HERMANOS LIMITADA,0,0.0
16,P-1648,2. COSTO MATERIALES,0.0,ETAPA 2 CD PERALILLO TW,INMOBILIARIA Y RENTAS LOGÍSTICA S.A.,0,0.0
17,P-1649,2. COSTO MATERIALES,0.0,INACAP VITACURA E2,CONSTRUCTORA CUEVAS Y PURCELL S.A.,36183,0.0
18,P-1653,2. COSTO MATERIALES,0.0,EDUARDO DE LA BARRA,CONSTRUCTORA E INVERSIONES VITAL SPA.,0,0.0
19,P-1656,2. COSTO MATERIALES,0.0,MIRADOR CLUB HÍPICO,CONSTRUCTORA VITAL EDIFICACION SPA,11250,0.0
20,P-1658,2. COSTO MATERIALES,0.0,VIVIPRA,VICHERAT Y PRADENAS LTDA.,0,0.0
21,P-1660,2. COSTO MATERIALES,0.0,CORONEL ALVARADO,LARRAIN PRIETO RISOPATRON S.A.,6045,0.0
22,P-1661,2. COSTO MATERIALES,0.0,SAN VICENTE DE PAUL,DANACORP S.A,0,0.0
23,P-1663,2. COSTO MATERIALES,0.0,OFICINAS EQUIFAX,CONSTRUCTORA VRK INGENIERIA LIMITADA,0,0.0
24,P-1664,2. COSTO MATERIALES,0.0,MK II PCI,COMERCIAL K SPA.,0,0.0
25,P-1666,2. COSTO MATERIALES,0.0,CD AXIONLONG,EBCO S.A.,-89550,0.0
26,P-1667,3. COSTO MANO DE OBRA,0.0,ECO PLACILLA,CONSTRUCTORA ICF SPA,-967228,0.0
27,P-1667,2. COSTO MATERIALES,0.0,ECO PLACILLA,CONSTRUCTORA ICF SPA,-90852,0.0
28,P-1668,2. COSTO MATERIALES,0.0,QUILLAYES PLAZA,E.MOLINA MOREL CONSTRUCTORA S.A.,0,0.0
29,P-1669,3. COSTO MANO DE OBRA,0.0,DEPARTAMENTAL,EMP. CONSTRUCTORA INGENIEROS S.A.,-156861,0.0
30,P-1669,2. COSTO MATERIALES,0.0,DEPARTAMENTAL,EMP. CONSTRUCTORA INGENIEROS S.A.,245707,0.0
31,P-1670,2. COSTO MATERIALES,0.0,MK II SEGURIDAD Y REDES,COMERCIAL K SPA.,0,0.0
32,P-1670,1. INGRESO,0.0,MK II SEGURIDAD Y REDES,COMERCIAL K SPA.,0,0.0
33,P-1672,2. COSTO MATERIALES,0.0,STA CLARA (CCDD-TELECOM),CONSTRUCTORA UPC S.A.,-548892,0.0
34,P-1672,1. INGRESO,0.0,STA CLARA (CCDD-TELECOM),CONSTRUCTORA UPC S.A.,0,0.0
35,P-1673,2. COSTO MATERIALES,0.0,INACAP TEMUCO - ETAPA A,UNIVERSIDAD TECNOLOGICA DE CHILE INACAP,0,0.0
36,P-1674,2. COSTO MATERIALES,0.0,OFICINAS BEIERSDORF CHORRILLOS,CONSTRUCTORA SUKSA S.A.,0,0.0
37,P-1675,1. INGRESO,0.0,PALENA II,CONSTRUCTORA MYA SPA.,0,0.0
38,P-1676,3. COSTO MANO DE OBRA,0.0,LO CAMPINO,EBCO S.A.,0,0.0
39,P-1676,2. COSTO MATERIALES,0.0,LO CAMPINO,EBCO S.A.,513298,0.0
40,P-1677,3. COSTO MANO DE OBRA,0.0,GALVARINO GALLARDO,MOLLER Y PEREZ - COTAPOS CONSTRUCCIONES INDUSTRIALES S.A,0,0.0
41,P-1677,2. COSTO MATERIALES,0.0,GALVARINO GALLARDO,MOLLER Y PEREZ - COTAPOS CONSTRUCCIONES INDUSTRIALES S.A,570000,0.0
42,P-1677,1. INGRESO,0.0,GALVARINO GALLARDO,MOLLER Y PEREZ - COTAPOS CONSTRUCCIONES INDUSTRIALES S.A,0,0.0
43,P-1679,3. COSTO MANO DE OBRA,0.0,JUAN SABAJ,CONSTRUCTORA GREVIA,0,0.0
44,P-1679,2. COSTO MATERIALES,0.0,JUAN SABAJ,CONSTRUCTORA GREVIA,0,0.0
45,P-1680,3. COSTO MANO DE OBRA,0.0,NUEVA UNO,CONSTRUCTORA TECSA S.A.,-7431377,-1.3424455256280883
46,P-1680,2. COSTO MATERIALES,0.0,NUEVA UNO,CONSTRUCTORA TECSA S.A.,-11122532,-1.3424455256280883
47,P-1680,1. INGRESO,0.0,NUEVA UNO,CONSTRUCTORA TECSA S.A.,7920743,-1.3424455256280883
48,P-1681,1. INGRESO,0.0, CD ROSEN (CCTV PROVISORIO),COLCHONES ROSEN SAIC,0,0.0
49,P-1682,3. COSTO MANO DE OBRA,0.0,PLAZA CEPPI,EMP. CONSTRUCTORA INGENIEROS S.A.,-1086051,0.9955232135800144
50,P-1682,2. COSTO MATERIALES,0.0,PLAZA CEPPI,EMP. CONSTRUCTORA INGENIEROS S.A.,1001849,0.9955232135800144
51,P-1682,1. INGRESO,0.0,PLAZA CEPPI,EMP. CONSTRUCTORA INGENIEROS S.A.,18808581,0.9955232135800144
52,P-1683,2. COSTO MATERIALES,0.0,CD BP-A05,EBCO S.A.,0,0.0
53,P-1684,3. COSTO MANO DE OBRA,0.0,EDIFICIO GOYCOLEA,EBCO S.A.,-400643,0.5589542377068248
54,P-1684,2. COSTO MATERIALES,0.0,EDIFICIO GOYCOLEA,EBCO S.A.,-1070541,0.5589542377068248
55,P-1684,1. INGRESO,0.0,EDIFICIO GOYCOLEA,EBCO S.A.,3335672,0.5589542377068248
56,P-1685,2. COSTO MATERIALES,0.0,MAPA EDIFICIOS NO OPERACIONALES,CLARO VICUÑA VALENZUELA S.A.,0,0.0
57,P-1686,3. COSTO MANO DE OBRA,0.0,MACUL ICALMA,EMPRESA CONSTRUCTORA INGEVEC S.A.,-4634424,0.41540251728921385
58,P-1686,2. COSTO MATERIALES,0.0,MACUL ICALMA,EMPRESA CONSTRUCTORA INGEVEC S.A.,-2268468,0.41540251728921385
59,P-1686,1. INGRESO,0.0,MACUL ICALMA,EMPRESA CONSTRUCTORA INGEVEC S.A.,11807940,0.41540251728921385
60,P-1687,3. COSTO MANO DE OBRA,0.0,ROJAS MAGALLANES,E.MOLINA MOREL CONSTRUCTORA S.A.,0,0.0
61,P-1687,2. COSTO MATERIALES,0.0,ROJAS MAGALLANES,E.MOLINA MOREL CONSTRUCTORA S.A.,0,0.0
62,P-1687,1. INGRESO,0.0,ROJAS MAGALLANES,E.MOLINA MOREL CONSTRUCTORA S.A.,0,0.0
63,P-1688,3. COSTO MANO DE OBRA,0.0,SUIZA,MOLLER Y PEREZ - COTAPOS CONSTRUCCIONES INDUSTRIALES S.A,-2009744,0.5382574009034934
64,P-1688,2. COSTO MATERIALES,0.0,SUIZA,MOLLER Y PEREZ - COTAPOS CONSTRUCCIONES INDUSTRIALES S.A,-81835,0.5382574009034934
65,P-1688,1. INGRESO,0.0,SUIZA,MOLLER Y PEREZ - COTAPOS CONSTRUCCIONES INDUSTRIALES S.A,4529751,0.5382574009034934
66,P-1689,2. COSTO MATERIALES,0.0,CASINO BUENAVENTURA,EBCO S.A.,0,0.0
67,P-1690,3. COSTO MANO DE OBRA,0.0,ONGOLMO - HOME CONDOMINIO,CANTAUCO CONSTRUCCION LTDA.,0,1.0697635408616812
68,P-1690,2. COSTO MATERIALES,0.0,ONGOLMO - HOME CONDOMINIO,CANTAUCO CONSTRUCCION LTDA.,-167190,1.0697635408616812
69,P-1690,1. INGRESO,0.0,ONGOLMO - HOME CONDOMINIO,CANTAUCO CONSTRUCCION LTDA.,-2396524,1.0697635408616812
70,P-1691,3. COSTO MANO DE OBRA,0.0,ROSARIO ROSALES,CONSTRUCTORA E INMOBILIARIA PRADOVERDE LTDA.,0,0.0
71,P-1691,2. COSTO MATERIALES,0.0,ROSARIO ROSALES,CONSTRUCTORA E INMOBILIARIA PRADOVERDE LTDA.,-16152,0.0
72,P-1691,1. INGRESO,0.0,ROSARIO ROSALES,CONSTRUCTORA E INMOBILIARIA PRADOVERDE LTDA.,0,0.0
73,P-1692,3. COSTO MANO DE OBRA,0.0,JOSÉ PEREZ COTAPOS,EBCO S.A.,-7576783,-62.58228052557287
74,P-1692,2. COSTO MATERIALES,0.0,JOSÉ PEREZ COTAPOS,EBCO S.A.,-1477143,-62.58228052557287
75,P-1692,1. INGRESO,0.0,JOSÉ PEREZ COTAPOS,EBCO S.A.,142397,-62.58228052557287
76,P-1693,3. COSTO MANO DE OBRA,0.0,VOLTA V0800,ECOBIO SPA,-2407425,0.0
77,P-1693,2. COSTO MATERIALES,0.0,VOLTA V0800,ECOBIO SPA,0,0.0
78,P-1694,3. COSTO MANO DE OBRA,0.0,ECO HUEMUL,CONSTRUCTORA ICF SPA,-4736731,0.3190117996518388
79,P-1694,2. COSTO MATERIALES,0.0,ECO HUEMUL,CONSTRUCTORA ICF SPA,-7641345,0.3190117996518388
80,P-1694,1. INGRESO,0.0,ECO HUEMUL,CONSTRUCTORA ICF SPA,18176638,0.3190117996518388
81,P-1695,3. COSTO MANO DE OBRA,0.0,EDIFICIO ESTORIL,EMPRESA CONSTRUCTORA BRAVO E IZQUIERDO,0,0.32834592226537945
82,P-1695,2. COSTO MATERIALES,0.0,EDIFICIO ESTORIL,EMPRESA CONSTRUCTORA BRAVO E IZQUIERDO,-8637098,0.32834592226537945
83,P-1695,1. INGRESO,0.0,EDIFICIO ESTORIL,EMPRESA CONSTRUCTORA BRAVO E IZQUIERDO,12859444,0.32834592226537945
84,P-1696,3. COSTO MANO DE OBRA,0.0,SANTA VICTORIA - TERRACORP,CONSTRUCTORA TERRACORP S.A.,-1750141,0.0
85,P-1696,2. COSTO MATERIALES,0.0,SANTA VICTORIA - TERRACORP,CONSTRUCTORA TERRACORP S.A.,-2304440,0.0
86,P-1696,1. INGRESO,0.0,SANTA VICTORIA - TERRACORP,CONSTRUCTORA TERRACORP S.A.,0,0.0
87,P-1697,3. COSTO MANO DE OBRA,0.0,ESTOCOLMO,CONSTRUCTORA FORTALEZA S.A,-4075065,-0.7408925219503565
88,P-1697,2. COSTO MATERIALES,0.0,ESTOCOLMO,CONSTRUCTORA FORTALEZA S.A,-2793616,-0.7408925219503565
89,P-1697,1. INGRESO,0.0,ESTOCOLMO,CONSTRUCTORA FORTALEZA S.A,3945494,-0.7408925219503565
90,P-1698,2. COSTO MATERIALES,0.0,CD ANDES,EBCO S.A.,0,0.0
91,P-1698,1. INGRESO,0.0,CD ANDES,EBCO S.A.,0,0.0
92,P-1699,3. COSTO MANO DE OBRA,0.0,VILLA PANAMERICANA LOTE B,EMPRESA CONSTRUCTORA DLP S.A.,-8267470,0.21498859929672937
93,P-1699,2. COSTO MATERIALES,0.0,VILLA PANAMERICANA LOTE B,EMPRESA CONSTRUCTORA DLP S.A.,-8687386,0.21498859929672937
94,P-1699,1. INGRESO,0.0,VILLA PANAMERICANA LOTE B,EMPRESA CONSTRUCTORA DLP S.A.,21598229,0.21498859929672937
95,P-1700,3. COSTO MANO DE OBRA,0.0,CD ORIZON,EBCO S.A.,-172081,0.0
96,P-1700,2. COSTO MATERIALES,0.0,CD ORIZON,EBCO S.A.,-24936,0.0
97,P-1700,1. INGRESO,0.0,CD ORIZON,EBCO S.A.,0,0.0
98,P-1701,3. COSTO MANO DE OBRA,0.0,EDIFICIO ZENTENO,CONSTRUCTORA GREVIA SPA.,0,0.0
99,P-1701,2. COSTO MATERIALES,0.0,EDIFICIO ZENTENO,CONSTRUCTORA GREVIA SPA.,175639,0.0
100,P-1701,1. INGRESO,0.0,EDIFICIO ZENTENO,CONSTRUCTORA GREVIA SPA.,0,0.0
101,P-1703,3. COSTO MANO DE OBRA,0.0,SANTA VICTORIA DANACORP,DANACORP S.A,-1057164,0.0
102,P-1703,2. COSTO MATERIALES,0.0,SANTA VICTORIA DANACORP,DANACORP S.A,-200940,0.0
103,P-1703,1. INGRESO,0.0,SANTA VICTORIA DANACORP,DANACORP S.A,0,0.0
104,P-1704,3. COSTO MANO DE OBRA,0.0,CD MERCADO LIBRE MEZZANINA,EBCO S.A.,-14242535,0.643181291797924
105,P-1704,2. COSTO MATERIALES,0.0,CD MERCADO LIBRE MEZZANINA,EBCO S.A.,-13967551,0.643181291797924
106,P-1704,1. INGRESO,0.0,CD MERCADO LIBRE MEZZANINA,EBCO S.A.,79059997,0.643181291797924
107,P-1705,3. COSTO MANO DE OBRA,0.0,LOS CLARINES,CONSTRUCTORA INARCO S.A.,-5553518,0.47134466475442727
108,P-1705,2. COSTO MATERIALES,0.0,LOS CLARINES,CONSTRUCTORA INARCO S.A.,-5120186,0.47134466475442727
109,P-1705,1. INGRESO,0.0,LOS CLARINES,CONSTRUCTORA INARCO S.A.,20190289,0.47134466475442727
110,P-1706,3. COSTO MANO DE OBRA,0.0,CALIFORNIA,CONSTRUCTORA E INVERSIONES VITAL SPA.,-1197155,0.6373792853430363
111,P-1706,2. COSTO MATERIALES,0.0,CALIFORNIA,CONSTRUCTORA E INVERSIONES VITAL SPA.,-5198516,0.6373792853430363
112,P-1706,1. INGRESO,0.0,CALIFORNIA,CONSTRUCTORA E INVERSIONES VITAL SPA.,17637357,0.6373792853430363
113,P-1707,3. COSTO MANO DE OBRA,0.0,LAS TRANQUERAS,CONSTRUCTORA SANTOLAYA LTDA.,-1568341,-0.016723201131940868
114,P-1707,2. COSTO MATERIALES,0.0,LAS TRANQUERAS,CONSTRUCTORA SANTOLAYA LTDA.,-5634603,-0.016723201131940868
115,P-1707,1. INGRESO,0.0,LAS TRANQUERAS,CONSTRUCTORA SANTOLAYA LTDA.,7084469,-0.016723201131940868
116,P-1708,3. COSTO MANO DE OBRA,0.0,ECO ESPAÑA,CONSTRUCTORA ICF SPA,-921206,-1.3488708307941795
117,P-1708,2. COSTO MATERIALES,0.0,ECO ESPAÑA,CONSTRUCTORA ICF SPA,0,-1.3488708307941795
118,P-1708,1. INGRESO,0.0,ECO ESPAÑA,CONSTRUCTORA ICF SPA,392191,-1.3488708307941795
119,P-1709,3. COSTO MANO DE OBRA,0.0,CENTRO COMERCIAL PASEO SAN PEDRO,EBCO S.A.,-2333919,0.5068045978664188
120,P-1709,2. COSTO MATERIALES,0.0,CENTRO COMERCIAL PASEO SAN PEDRO,EBCO S.A.,-3154246,0.5068045978664188
121,P-1709,1. INGRESO,0.0,CENTRO COMERCIAL PASEO SAN PEDRO,EBCO S.A.,11127770,0.5068045978664188
122,P-1712,3. COSTO MANO DE OBRA,0.0,CENTRO COMERCIAL VIÑA OUTLET PARK,EBCO S.A.,-2791400,0.0
123,P-1712,2. COSTO MATERIALES,0.0,CENTRO COMERCIAL VIÑA OUTLET PARK,EBCO S.A.,-5124213,0.0
124,P-1712,1. INGRESO,0.0,CENTRO COMERCIAL VIÑA OUTLET PARK,EBCO S.A.,0,0.0
125,P-1713,3. COSTO MANO DE OBRA,0.0,RESERVA SAN FRANCISCO,EMPRESA NACIONAL DE CONSTRUCCIÓN LAS VERTIENTES SPA,-172081,0.0
126,P-1713,2. COSTO MATERIALES,0.0,RESERVA SAN FRANCISCO,EMPRESA NACIONAL DE CONSTRUCCIÓN LAS VERTIENTES SPA,-1088874,0.0
127,P-1713,1. INGRESO,0.0,RESERVA SAN FRANCISCO,EMPRESA NACIONAL DE CONSTRUCCIÓN LAS VERTIENTES SPA,0,0.0
128,P-1714,3. COSTO MANO DE OBRA,0.0,DEPARTAMENTAL II,CONSTRUCTORA FUERZA SUR DOS SPA,-738438,0.6007799175339829
129,P-1714,2. COSTO MATERIALES,0.0,DEPARTAMENTAL II,CONSTRUCTORA FUERZA SUR DOS SPA,-234124,0.6007799175339829
130,P-1714,1. INGRESO,0.0,DEPARTAMENTAL II,CONSTRUCTORA FUERZA SUR DOS SPA,2436155,0.6007799175339829
131,P-1715,3. COSTO MANO DE OBRA,0.0,CD LO ECHEVERS,QUEZADA Y BOETSCH,-3709490,0.0
132,P-1715,2. COSTO MATERIALES,0.0,CD LO ECHEVERS,QUEZADA Y BOETSCH,-5912966,0.0
133,P-1715,1. INGRESO,0.0,CD LO ECHEVERS,QUEZADA Y BOETSCH,0,0.0
134,P-1716,3. COSTO MANO DE OBRA,0.0,CD ASTARA,ASTARA LOGÍSTICA CHILE SPA.,-895428,0.6149835785068769
135,P-1716,2. COSTO MATERIALES,0.0,CD ASTARA,ASTARA LOGÍSTICA CHILE SPA.,-2986507,0.6149835785068769
136,P-1716,1. INGRESO,0.0,CD ASTARA,ASTARA LOGÍSTICA CHILE SPA.,10082518,0.6149835785068769
137,P-1717,2. COSTO MATERIALES,0.0,ECO QUILÍN I,CONSTRUCTORA ICF SPA,0,0.0
138,P-1718,3. COSTO MANO DE OBRA,0.0,PATIO COMIDAS,EBCO S.A.,-8486339,0.3253126862119833
139,P-1718,2. COSTO MATERIALES,0.0,PATIO COMIDAS,EBCO S.A.,-4114547,0.3253126862119833
140,P-1718,1. INGRESO,0.0,PATIO COMIDAS,EBCO S.A.,18676631,0.3253126862119833
141,P-1719,1. INGRESO,0.0,CD METALPAR,EBCO S.A.,0,0.0
142,P-1720,1. INGRESO,0.0,,,0,0.0
143,P-1721,3. COSTO MANO DE OBRA,0.0,STRIP CENTER LUIS PASTEUR,INMOBILIARIA LUIS PASTEUR S.A.,-2706033,0.11177324008319828
144,P-1721,2. COSTO MATERIALES,0.0,STRIP CENTER LUIS PASTEUR,INMOBILIARIA LUIS PASTEUR S.A.,-12403103,0.11177324008319828
145,P-1721,1. INGRESO,0.0,STRIP CENTER LUIS PASTEUR,INMOBILIARIA LUIS PASTEUR S.A.,17010449,0.11177324008319828
146,P-1722,1. INGRESO,0.0,ECO CERRILLOS,CONSTRUCTORA ICF SPA,0,0.0
147,P-1723,3. COSTO MANO DE OBRA,0.0,VILLA PANAMERICANA LOTE C,CONSTRUCTORA MENA Y OVALLE S.A.,-7889395,0.38805324717138817
148,P-1723,2. COSTO MATERIALES,0.0,VILLA PANAMERICANA LOTE C,CONSTRUCTORA MENA Y OVALLE S.A.,-34038712,0.38805324717138817
149,P-1723,1. INGRESO,0.0,VILLA PANAMERICANA LOTE C,CONSTRUCTORA MENA Y OVALLE S.A.,68515940,0.38805324717138817
150,P-1724,3. COSTO MANO DE OBRA,0.0,,,0,0.16255511463844796
151,P-1724,2. COSTO MATERIALES,0.0,,,-75973,0.16255511463844796
152,P-1724,1. INGRESO,0.0,,,90720,0.16255511463844796
153,P-1725,3. COSTO MANO DE OBRA,0.0,LO CAÑAS,CONSTRUCTORA BRISAS DE BATUCO,-2120143,-0.5016072817175361
154,P-1725,2. COSTO MATERIALES,0.0,LO CAÑAS,CONSTRUCTORA BRISAS DE BATUCO,-6708545,-0.5016072817175361
155,P-1725,1. INGRESO,0.0,LO CAÑAS,CONSTRUCTORA BRISAS DE BATUCO,5879492,-0.5016072817175361
156,P-1726,3. COSTO MANO DE OBRA,0.0,,,-2654140,0.5313318462478448
157,P-1726,2. COSTO MATERIALES,0.0,,,-9263697,0.5313318462478448
158,P-1726,1. INGRESO,0.0,,,25429159,0.5313318462478448
159,P-1727,3. COSTO MANO DE OBRA,0.0,,,-3205300,0.25384892318958857
160,P-1727,2. COSTO MATERIALES,0.0,,,-9901554,0.25384892318958857
161,P-1727,1. INGRESO,0.0,,,17565952,0.25384892318958857
162,P-1728,3. COSTO MANO DE OBRA,0.0,,,-541472,0.0
163,P-1728,2. COSTO MATERIALES,0.0,,,0,0.0
164,P-1557,1. INGRESO,0.0,ROSARIO ROSALES,EBCO S.A.,0,0.0
165,P-1557,2. COSTO MATERIALES,0.0,ROSARIO ROSALES,EBCO S.A.,0,0.0
166,P-1557,4. COSTO SUPERVISIÓN,0.0,ROSARIO ROSALES,EBCO S.A.,0,0.0
167,P-1591,1. INGRESO,0.0,EDIFICIO ESTORIL,EBCO S.A.,0,0.0
168,P-1591,2. COSTO MATERIALES,0.0,EDIFICIO ESTORIL,EBCO S.A.,0,0.0
169,P-1591,4. COSTO SUPERVISIÓN,0.0,EDIFICIO ESTORIL,EBCO S.A.,0,0.0
170,P-1592,1. INGRESO,0.0,NUEVA COSTANERA 3300,EBCO S.A.,0,0.0
171,P-1592,3. COSTO MANO DE OBRA,0.0,NUEVA COSTANERA 3300,EBCO S.A.,0,0.0
172,P-1592,4. COSTO SUPERVISIÓN,0.0,NUEVA COSTANERA 3300,EBCO S.A.,0,0.0
173,P-1603,1. INGRESO,0.0,FARELLONES,EMPRESA CONSTRUCTORA DLP S.A.,0,0.0
174,P-1603,3. COSTO MANO DE OBRA,0.0,FARELLONES,EMPRESA CONSTRUCTORA DLP S.A.,0,0.0
175,P-1603,4. COSTO SUPERVISIÓN,0.0,FARELLONES,EMPRESA CONSTRUCTORA DLP S.A.,0,0.0
176,P-1611,1. INGRESO,0.0,EDIFICIO PLAZA EGAÑA,EBCO S.A.,0,0.0
177,P-1611,3. COSTO MANO DE OBRA,0.0,EDIFICIO PLAZA EGAÑA,EBCO S.A.,0,0.0
178,P-1611,4. COSTO SUPERVISIÓN,0.0,EDIFICIO PLAZA EGAÑA,EBCO S.A.,0,0.0
179,P-1612,1. INGRESO,0.0,BARRIO PARQUE SANTIAGO 7,CONSTRUCTORA ALTURAS DEL SUR S.A,0,0.0
180,P-1612,3. COSTO MANO DE OBRA,0.0,BARRIO PARQUE SANTIAGO 7,CONSTRUCTORA ALTURAS DEL SUR S.A,0,0.0
181,P-1612,4. COSTO SUPERVISIÓN,0.0,BARRIO PARQUE SANTIAGO 7,CONSTRUCTORA ALTURAS DEL SUR S.A,0,0.0
182,P-1620,1. INGRESO,0.0,"OF APOQUINDO- HABILITACIONES, INTEGRACION Y ADICIONALES.",CONSTRUCTORA INARCO S.A.,0,0.0
183,P-1620,3. COSTO MANO DE OBRA,0.0,"OF APOQUINDO- HABILITACIONES, INTEGRACION Y ADICIONALES.",CONSTRUCTORA INARCO S.A.,0,0.0
184,P-1620,4. COSTO SUPERVISIÓN,0.0,"OF APOQUINDO- HABILITACIONES, INTEGRACION Y ADICIONALES.",CONSTRUCTORA INARCO S.A.,0,0.0
185,P-1626,1. INGRESO,0.0,CLINICA BIO BIO,CONSTRUCTORA LYD S.A.,0,0.0
186,P-1626,3. COSTO MANO DE OBRA,0.0,CLINICA BIO BIO,CONSTRUCTORA LYD S.A.,0,0.0
187,P-1626,4. COSTO SUPERVISIÓN,0.0,CLINICA BIO BIO,CONSTRUCTORA LYD S.A.,0,0.0
188,P-1632,1. INGRESO,0.0,CHORRILLOS CLOROX,CONSTRUCTORA SUKSA S.A.,0,0.0
189,P-1632,3. COSTO MANO DE OBRA,0.0,CHORRILLOS CLOROX,CONSTRUCTORA SUKSA S.A.,0,0.0
190,P-1632,4. COSTO SUPERVISIÓN,0.0,CHORRILLOS CLOROX,CONSTRUCTORA SUKSA S.A.,0,0.0
191,P-1639,1. INGRESO,0.0,LYON 2546,MOLLER Y PEREZ - COTAPOS CONSTRUCCIONES INDUSTRIALES S.A,0,0.0
192,P-1639,3. COSTO MANO DE OBRA,0.0,LYON 2546,MOLLER Y PEREZ - COTAPOS CONSTRUCCIONES INDUSTRIALES S.A,0,0.0
193,P-1639,4. COSTO SUPERVISIÓN,0.0,LYON 2546,MOLLER Y PEREZ - COTAPOS CONSTRUCCIONES INDUSTRIALES S.A,0,0.0
194,P-1641,1. INGRESO,0.0,INACAP TEMUCO,DESARROLLOS CONSTRUCTIVOS AXIS SOCIEDAD ANONIMA,0,0.0
195,P-1641,3. COSTO MANO DE OBRA,0.0,INACAP TEMUCO,DESARROLLOS CONSTRUCTIVOS AXIS SOCIEDAD ANONIMA,0,0.0
196,P-1641,4. COSTO SUPERVISIÓN,0.0,INACAP TEMUCO,DESARROLLOS CONSTRUCTIVOS AXIS SOCIEDAD ANONIMA,0,0.0
197,P-1642,1. INGRESO,0.0,CORINTO,EMP. CONSTRUCTORA INGENIEROS S.A.,0,0.0
198,P-1642,3. COSTO MANO DE OBRA,0.0,CORINTO,EMP. CONSTRUCTORA INGENIEROS S.A.,0,0.0
199,P-1642,4. COSTO SUPERVISIÓN,0.0,CORINTO,EMP. CONSTRUCTORA INGENIEROS S.A.,0,0.0
200,P-1643,1. INGRESO,0.0,CHORRILLOS M4,CONSTRUCTORA SUKSA S.A.,0,0.0
201,P-1643,3. COSTO MANO DE OBRA,0.0,CHORRILLOS M4,CONSTRUCTORA SUKSA S.A.,0,0.0
202,P-1643,4. COSTO SUPERVISIÓN,0.0,CHORRILLOS M4,CONSTRUCTORA SUKSA S.A.,0,0.0
203,P-1644,1. INGRESO,0.0,MIRADOR DE SAN CRISTOBAL,EBCO S.A.,0,0.0
204,P-1644,3. COSTO MANO DE OBRA,0.0,MIRADOR DE SAN CRISTOBAL,EBCO S.A.,0,0.0
205,P-1644,4. COSTO SUPERVISIÓN,0.0,MIRADOR DE SAN CRISTOBAL,EBCO S.A.,0,0.0
206,P-1645,3. COSTO MANO DE OBRA,0.0,LOS TRES ANTONIOS,SOCIEDAD CONSTRUCTORA ECHAVARRI HERMANOS LIMITADA,0,0.0
207,P-1645,4. COSTO SUPERVISIÓN,0.0,LOS TRES ANTONIOS,SOCIEDAD CONSTRUCTORA ECHAVARRI HERMANOS LIMITADA,0,0.0
208,P-1648,1. INGRESO,0.0,ETAPA 2 CD PERALILLO TW,INMOBILIARIA Y RENTAS LOGÍSTICA S.A.,0,0.0
209,P-1648,3. COSTO MANO DE OBRA,0.0,ETAPA 2 CD PERALILLO TW,INMOBILIARIA Y RENTAS LOGÍSTICA S.A.,0,0.0
210,P-1648,4. COSTO SUPERVISIÓN,0.0,ETAPA 2 CD PERALILLO TW,INMOBILIARIA Y RENTAS LOGÍSTICA S.A.,0,0.0
211,P-1649,1. INGRESO,0.0,INACAP VITACURA E2,CONSTRUCTORA CUEVAS Y PURCELL S.A.,0,0.0
212,P-1649,3. COSTO MANO DE OBRA,0.0,INACAP VITACURA E2,CONSTRUCTORA CUEVAS Y PURCELL S.A.,0,0.0
213,P-1649,4. COSTO SUPERVISIÓN,0.0,INACAP VITACURA E2,CONSTRUCTORA CUEVAS Y PURCELL S.A.,0,0.0
214,P-1653,1. INGRESO,0.0,EDUARDO DE LA BARRA,CONSTRUCTORA E INVERSIONES VITAL SPA.,0,0.0
215,P-1653,3. COSTO MANO DE OBRA,0.0,EDUARDO DE LA BARRA,CONSTRUCTORA E INVERSIONES VITAL SPA.,0,0.0
216,P-1653,4. COSTO SUPERVISIÓN,0.0,EDUARDO DE LA BARRA,CONSTRUCTORA E INVERSIONES VITAL SPA.,0,0.0
217,P-1656,1. INGRESO,0.0,MIRADOR CLUB HÍPICO,CONSTRUCTORA VITAL EDIFICACION SPA,0,0.0
218,P-1656,3. COSTO MANO DE OBRA,0.0,MIRADOR CLUB HÍPICO,CONSTRUCTORA VITAL EDIFICACION SPA,0,0.0
219,P-1656,4. COSTO SUPERVISIÓN,0.0,MIRADOR CLUB HÍPICO,CONSTRUCTORA VITAL EDIFICACION SPA,0,0.0
220,P-1658,1. INGRESO,0.0,VIVIPRA,VICHERAT Y PRADENAS LTDA.,0,0.0
221,P-1658,3. COSTO MANO DE OBRA,0.0,VIVIPRA,VICHERAT Y PRADENAS LTDA.,0,0.0
222,P-1658,4. COSTO SUPERVISIÓN,0.0,VIVIPRA,VICHERAT Y PRADENAS LTDA.,0,0.0
223,P-1660,1. INGRESO,0.0,CORONEL ALVARADO,LARRAIN PRIETO RISOPATRON S.A.,0,0.0
224,P-1660,3. COSTO MANO DE OBRA,0.0,CORONEL ALVARADO,LARRAIN PRIETO RISOPATRON S.A.,0,0.0
225,P-1660,4. COSTO SUPERVISIÓN,0.0,CORONEL ALVARADO,LARRAIN PRIETO RISOPATRON S.A.,0,0.0
226,P-1661,1. INGRESO,0.0,SAN VICENTE DE PAUL,DANACORP S.A,0,0.0
227,P-1661,3. COSTO MANO DE OBRA,0.0,SAN VICENTE DE PAUL,DANACORP S.A,0,0.0
228,P-1661,4. COSTO SUPERVISIÓN,0.0,SAN VICENTE DE PAUL,DANACORP S.A,0,0.0
229,P-1663,1. INGRESO,0.0,OFICINAS EQUIFAX,CONSTRUCTORA VRK INGENIERIA LIMITADA,0,0.0
230,P-1663,3. COSTO MANO DE OBRA,0.0,OFICINAS EQUIFAX,CONSTRUCTORA VRK INGENIERIA LIMITADA,0,0.0
231,P-1663,4. COSTO SUPERVISIÓN,0.0,OFICINAS EQUIFAX,CONSTRUCTORA VRK INGENIERIA LIMITADA,0,0.0
232,P-1664,1. INGRESO,0.0,MK II PCI,COMERCIAL K SPA.,0,0.0
233,P-1664,3. COSTO MANO DE OBRA,0.0,MK II PCI,COMERCIAL K SPA.,0,0.0
234,P-1664,4. COSTO SUPERVISIÓN,0.0,MK II PCI,COMERCIAL K SPA.,0,0.0
235,P-1666,1. INGRESO,0.0,CD AXIONLONG,EBCO S.A.,0,0.0
236,P-1666,3. COSTO MANO DE OBRA,0.0,CD AXIONLONG,EBCO S.A.,0,0.0
237,P-1666,4. COSTO SUPERVISIÓN,0.0,CD AXIONLONG,EBCO S.A.,0,0.0
238,P-1667,1. INGRESO,0.0,ECO PLACILLA,CONSTRUCTORA ICF SPA,0,0.0
239,P-1667,4. COSTO SUPERVISIÓN,0.0,ECO PLACILLA,CONSTRUCTORA ICF SPA,0,0.0
240,P-1668,1. INGRESO,0.0,QUILLAYES PLAZA,E.MOLINA MOREL CONSTRUCTORA S.A.,0,0.0
241,P-1668,3. COSTO MANO DE OBRA,0.0,QUILLAYES PLAZA,E.MOLINA MOREL CONSTRUCTORA S.A.,0,0.0
242,P-1668,4. COSTO SUPERVISIÓN,0.0,QUILLAYES PLAZA,E.MOLINA MOREL CONSTRUCTORA S.A.,0,0.0
243,P-1669,1. INGRESO,0.0,DEPARTAMENTAL,EMP. CONSTRUCTORA INGENIEROS S.A.,0,0.0
244,P-1669,4. COSTO SUPERVISIÓN,0.0,DEPARTAMENTAL,EMP. CONSTRUCTORA INGENIEROS S.A.,0,0.0
245,P-1670,3. COSTO MANO DE OBRA,0.0,MK II SEGURIDAD Y REDES,COMERCIAL K SPA.,0,0.0
246,P-1670,4. COSTO SUPERVISIÓN,0.0,MK II SEGURIDAD Y REDES,COMERCIAL K SPA.,0,0.0
247,P-1672,3. COSTO MANO DE OBRA,0.0,STA CLARA (CCDD-TELECOM),CONSTRUCTORA UPC S.A.,0,0.0
248,P-1672,4. COSTO SUPERVISIÓN,0.0,STA CLARA (CCDD-TELECOM),CONSTRUCTORA UPC S.A.,0,0.0
249,P-1673,1. INGRESO,0.0,INACAP TEMUCO - ETAPA A,UNIVERSIDAD TECNOLOGICA DE CHILE INACAP,0,0.0
250,P-1673,3. COSTO MANO DE OBRA,0.0,INACAP TEMUCO - ETAPA A,UNIVERSIDAD TECNOLOGICA DE CHILE INACAP,0,0.0
251,P-1673,4. COSTO SUPERVISIÓN,0.0,INACAP TEMUCO - ETAPA A,UNIVERSIDAD TECNOLOGICA DE CHILE INACAP,0,0.0
252,P-1674,1. INGRESO,0.0,OFICINAS BEIERSDORF CHORRILLOS,CONSTRUCTORA SUKSA S.A.,0,0.0
253,P-1674,3. COSTO MANO DE OBRA,0.0,OFICINAS BEIERSDORF CHORRILLOS,CONSTRUCTORA SUKSA S.A.,0,0.0
254,P-1674,4. COSTO SUPERVISIÓN,0.0,OFICINAS BEIERSDORF CHORRILLOS,CONSTRUCTORA SUKSA S.A.,0,0.0
255,P-1675,2. COSTO MATERIALES,0.0,PALENA II,CONSTRUCTORA MYA SPA.,0,0.0
256,P-1675,3. COSTO MANO DE OBRA,0.0,PALENA II,CONSTRUCTORA MYA SPA.,0,0.0
257,P-1675,4. COSTO SUPERVISIÓN,0.0,PALENA II,CONSTRUCTORA MYA SPA.,0,0.0
258,P-1676,1. INGRESO,0.0,LO CAMPINO,EBCO S.A.,0,0.0
259,P-1676,4. COSTO SUPERVISIÓN,0.0,LO CAMPINO,EBCO S.A.,0,0.0
260,P-1677,4. COSTO SUPERVISIÓN,0.0,GALVARINO GALLARDO,MOLLER Y PEREZ - COTAPOS CONSTRUCCIONES INDUSTRIALES S.A,0,0.0
261,P-1679,1. INGRESO,0.0,JUAN SABAJ,CONSTRUCTORA GREVIA,0,0.0
262,P-1679,4. COSTO SUPERVISIÓN,0.0,JUAN SABAJ,CONSTRUCTORA GREVIA,0,0.0
263,P-1680,4. COSTO SUPERVISIÓN,0.0,NUEVA UNO,CONSTRUCTORA TECSA S.A.,0,-1.3424455256280883
264,P-1681,2. COSTO MATERIALES,0.0, CD ROSEN (CCTV PROVISORIO),COLCHONES ROSEN SAIC,0,0.0
265,P-1681,3. COSTO MANO DE OBRA,0.0, CD ROSEN (CCTV PROVISORIO),COLCHONES ROSEN SAIC,0,0.0
266,P-1681,4. COSTO SUPERVISIÓN,0.0, CD ROSEN (CCTV PROVISORIO),COLCHONES ROSEN SAIC,0,0.0
267,P-1682,4. COSTO SUPERVISIÓN,0.0,PLAZA CEPPI,EMP. CONSTRUCTORA INGENIEROS S.A.,0,0.9955232135800144
268,P-1683,1. INGRESO,0.0,CD BP-A05,EBCO S.A.,0,0.0
269,P-1683,3. COSTO MANO DE OBRA,0.0,CD BP-A05,EBCO S.A.,0,0.0
270,P-1683,4. COSTO SUPERVISIÓN,0.0,CD BP-A05,EBCO S.A.,0,0.0
271,P-1684,4. COSTO SUPERVISIÓN,0.0,EDIFICIO GOYCOLEA,EBCO S.A.,0,0.5589542377068248
272,P-1685,1. INGRESO,0.0,MAPA EDIFICIOS NO OPERACIONALES,CLARO VICUÑA VALENZUELA S.A.,0,0.0
273,P-1685,3. COSTO MANO DE OBRA,0.0,MAPA EDIFICIOS NO OPERACIONALES,CLARO VICUÑA VALENZUELA S.A.,0,0.0
274,P-1685,4. COSTO SUPERVISIÓN,0.0,MAPA EDIFICIOS NO OPERACIONALES,CLARO VICUÑA VALENZUELA S.A.,0,0.0
275,P-1686,4. COSTO SUPERVISIÓN,0.0,MACUL ICALMA,EMPRESA CONSTRUCTORA INGEVEC S.A.,0,0.41540251728921385
276,P-1687,4. COSTO SUPERVISIÓN,0.0,ROJAS MAGALLANES,E.MOLINA MOREL CONSTRUCTORA S.A.,0,0.0
277,P-1688,4. COSTO SUPERVISIÓN,0.0,SUIZA,MOLLER Y PEREZ - COTAPOS CONSTRUCCIONES INDUSTRIALES S.A,0,0.5382574009034934
278,P-1689,1. INGRESO,0.0,CASINO BUENAVENTURA,EBCO S.A.,0,0.0
279,P-1689,3. COSTO MANO DE OBRA,0.0,CASINO BUENAVENTURA,EBCO S.A.,0,0.0
280,P-1689,4. COSTO SUPERVISIÓN,0.0,CASINO BUENAVENTURA,EBCO S.A.,0,0.0
281,P-1690,4. COSTO SUPERVISIÓN,0.0,ONGOLMO - HOME CONDOMINIO,CANTAUCO CONSTRUCCION LTDA.,0,1.0697635408616812
282,P-1691,4. COSTO SUPERVISIÓN,0.0,ROSARIO ROSALES,CONSTRUCTORA E INMOBILIARIA PRADOVERDE LTDA.,0,0.0
283,P-1692,4. COSTO SUPERVISIÓN,0.0,JOSÉ PEREZ COTAPOS,EBCO S.A.,0,-62.58228052557287
284,P-1693,1. INGRESO,0.0,VOLTA V0800,ECOBIO SPA,0,0.0
285,P-1693,4. COSTO SUPERVISIÓN,0.0,VOLTA V0800,ECOBIO SPA,0,0.0
286,P-1694,4. COSTO SUPERVISIÓN,0.0,ECO HUEMUL,CONSTRUCTORA ICF SPA,0,0.3190117996518388
287,P-1695,4. COSTO SUPERVISIÓN,0.0,EDIFICIO ESTORIL,EMPRESA CONSTRUCTORA BRAVO E IZQUIERDO,0,0.32834592226537945
288,P-1696,4. COSTO SUPERVISIÓN,0.0,SANTA VICTORIA - TERRACORP,CONSTRUCTORA TERRACORP S.A.,0,0.0
289,P-1697,4. COSTO SUPERVISIÓN,0.0,ESTOCOLMO,CONSTRUCTORA FORTALEZA S.A,0,-0.7408925219503565
290,P-1698,3. COSTO MANO DE OBRA,0.0,CD ANDES,EBCO S.A.,0,0.0
291,P-1698,4. COSTO SUPERVISIÓN,0.0,CD ANDES,EBCO S.A.,0,0.0
292,P-1699,4. COSTO SUPERVISIÓN,0.0,VILLA PANAMERICANA LOTE B,EMPRESA CONSTRUCTORA DLP S.A.,0,0.21498859929672937
293,P-1700,4. COSTO SUPERVISIÓN,0.0,CD ORIZON,EBCO S.A.,0,0.0
294,P-1701,4. COSTO SUPERVISIÓN,0.0,EDIFICIO ZENTENO,CONSTRUCTORA GREVIA SPA.,0,0.0
295,P-1703,4. COSTO SUPERVISIÓN,0.0,SANTA VICTORIA DANACORP,DANACORP S.A,0,0.0
296,P-1704,4. COSTO SUPERVISIÓN,0.0,CD MERCADO LIBRE MEZZANINA,EBCO S.A.,0,0.643181291797924
297,P-1705,4. COSTO SUPERVISIÓN,0.0,LOS CLARINES,CONSTRUCTORA INARCO S.A.,0,0.47134466475442727
298,P-1706,4. COSTO SUPERVISIÓN,0.0,CALIFORNIA,CONSTRUCTORA E INVERSIONES VITAL SPA.,0,0.6373792853430363
299,P-1707,4. COSTO SUPERVISIÓN,0.0,LAS TRANQUERAS,CONSTRUCTORA SANTOLAYA LTDA.,0,-0.016723201131940868
300,P-1708,4. COSTO SUPERVISIÓN,0.0,ECO ESPAÑA,CONSTRUCTORA ICF SPA,0,-1.3488708307941795
301,P-1709,4. COSTO SUPERVISIÓN,0.0,CENTRO COMERCIAL PASEO SAN PEDRO,EBCO S.A.,0,0.5068045978664188
302,P-1712,4. COSTO SUPERVISIÓN,0.0,CENTRO COMERCIAL VIÑA OUTLET PARK,EBCO S.A.,0,0.0
303,P-1713,4. COSTO SUPERVISIÓN,0.0,RESERVA SAN FRANCISCO,EMPRESA NACIONAL DE CONSTRUCCIÓN LAS VERTIENTES SPA,0,0.0
304,P-1714,4. COSTO SUPERVISIÓN,0.0,DEPARTAMENTAL II,CONSTRUCTORA FUERZA SUR DOS SPA,0,0.6007799175339829
305,P-1715,4. COSTO SUPERVISIÓN,0.0,CD LO ECHEVERS,QUEZADA Y BOETSCH,0,0.0
306,P-1716,4. COSTO SUPERVISIÓN,0.0,CD ASTARA,ASTARA LOGÍSTICA CHILE SPA.,0,0.6149835785068769
307,P-1717,1. INGRESO,0.0,ECO QUILÍN I,CONSTRUCTORA ICF SPA,0,0.0
308,P-1717,3. COSTO MANO DE OBRA,0.0,ECO QUILÍN I,CONSTRUCTORA ICF SPA,0,0.0
309,P-1717,4. COSTO SUPERVISIÓN,0.0,ECO QUILÍN I,CONSTRUCTORA ICF SPA,0,0.0
310,P-1718,4. COSTO SUPERVISIÓN,0.0,PATIO COMIDAS,EBCO S.A.,0,0.3253126862119833
311,P-1719,2. COSTO MATERIALES,0.0,CD METALPAR,EBCO S.A.,0,0.0
312,P-1719,3. COSTO MANO DE OBRA,0.0,CD METALPAR,EBCO S.A.,0,0.0
313,P-1719,4. COSTO SUPERVISIÓN,0.0,CD METALPAR,EBCO S.A.,0,0.0
314,P-1720,2. COSTO MATERIALES,0.0,,,0,0.0
315,P-1720,3. COSTO MANO DE OBRA,0.0,,,0,0.0
316,P-1720,4. COSTO SUPERVISIÓN,0.0,,,0,0.0
317,P-1721,4. COSTO SUPERVISIÓN,0.0,STRIP CENTER LUIS PASTEUR,INMOBILIARIA LUIS PASTEUR S.A.,0,0.11177324008319828
318,P-1722,2. COSTO MATERIALES,0.0,ECO CERRILLOS,CONSTRUCTORA ICF SPA,0,0.0
319,P-1722,3. COSTO MANO DE OBRA,0.0,ECO CERRILLOS,CONSTRUCTORA ICF SPA,0,0.0
320,P-1722,4. COSTO SUPERVISIÓN,0.0,ECO CERRILLOS,CONSTRUCTORA ICF SPA,0,0.0
321,P-1723,4. COSTO SUPERVISIÓN,0.0,VILLA PANAMERICANA LOTE C,CONSTRUCTORA MENA Y OVALLE S.A.,0,0.38805324717138817
322,P-1724,4. COSTO SUPERVISIÓN,0.0,,,0,0.16255511463844796
323,P-1725,4. COSTO SUPERVISIÓN,0.0,LO CAÑAS,CONSTRUCTORA BRISAS DE BATUCO,0,-0.5016072817175361
324,P-1726,4. COSTO SUPERVISIÓN,0.0,,,0,0.5313318462478448
325,P-1727,4. COSTO SUPERVISIÓN,0.0,,,0,0.25384892318958857
326,P-1728,1. INGRESO,0.0,,,0,0.0
327,P-1728,4. COSTO SUPERVISIÓN,0.0,,,0,0.0
328,1. TOTAL,4. COSTO SUPERVISIÓN,0.0,1. TOTAL,1. TOTAL,-5096121,0.27383268188900023
329,1. TOTAL,1. INGRESO,,1. TOTAL,1. TOTAL,401907454,0.27383268188900023
330,1. TOTAL,2. COSTO MATERIALES,,1. TOTAL,1. TOTAL,-169774348,0.27383268188900023
331,1. TOTAL,3. COSTO MANO DE OBRA,,1. TOTAL,1. TOTAL,-111885468,0.27383268188900023
332,1. TOTAL,4. COSTO SUPERVISIÓN,,1. TOTAL,1. TOTAL,-5096121,0.27383268188900023
,CODIGO_PROYECTO,TIPO_CUENTA,TOTAL_LB,NOMBRE_OBRA,NOMBRE_CLIENTE,TOTAL,MARGEN
0,P-1557,3. COSTO MANO DE OBRA,0.0,ROSARIO ROSALES,EBCO S.A.,-945949,0.0
1,P-1591,3. COSTO MANO DE OBRA,0.0,EDIFICIO ESTORIL,EBCO S.A.,-2483998,0.0
2,P-1592,2. COSTO MATERIALES,0.0,NUEVA COSTANERA 3300,EBCO S.A.,51537,0.0
3,P-1603,2. COSTO MATERIALES,0.0,FARELLONES,EMPRESA CONSTRUCTORA DLP S.A.,0,0.0
4,P-1611,2. COSTO MATERIALES,0.0,EDIFICIO PLAZA EGAÑA,EBCO S.A.,0,0.0
5,P-1612,2. COSTO MATERIALES,0.0,BARRIO PARQUE SANTIAGO 7,CONSTRUCTORA ALTURAS DEL SUR S.A,0,0.0
6,P-1620,2. COSTO MATERIALES,0.0,"OF APOQUINDO- HABILITACIONES, INTEGRACION Y ADICIONALES.",CONSTRUCTORA INARCO S.A.,0,0.0
7,P-1626,2. COSTO MATERIALES,0.0,CLINICA BIO BIO,CONSTRUCTORA LYD S.A.,0,0.0
8,P-1632,2. COSTO MATERIALES,0.0,CHORRILLOS CLOROX,CONSTRUCTORA SUKSA S.A.,75965,0.0
9,P-1639,2. COSTO MATERIALES,0.0,LYON 2546,MOLLER Y PEREZ - COTAPOS CONSTRUCCIONES INDUSTRIALES S.A,0,0.0
10,P-1641,2. COSTO MATERIALES,0.0,INACAP TEMUCO,DESARROLLOS CONSTRUCTIVOS AXIS SOCIEDAD ANONIMA,0,0.0
11,P-1642,2. COSTO MATERIALES,0.0,CORINTO,EMP. CONSTRUCTORA INGENIEROS S.A.,0,0.0
12,P-1643,2. COSTO MATERIALES,0.0,CHORRILLOS M4,CONSTRUCTORA SUKSA S.A.,-330968,0.0
13,P-1644,2. COSTO MATERIALES,0.0,MIRADOR DE SAN CRISTOBAL,EBCO S.A.,0,0.0
14,P-1645,2. COSTO MATERIALES,0.0,LOS TRES ANTONIOS,SOCIEDAD CONSTRUCTORA ECHAVARRI HERMANOS LIMITADA,19980,0.0
15,P-1645,1. INGRESO,0.0,LOS TRES ANTONIOS,SOCIEDAD CONSTRUCTORA ECHAVARRI HERMANOS LIMITADA,0,0.0
16,P-1648,2. COSTO MATERIALES,0.0,ETAPA 2 CD PERALILLO TW,INMOBILIARIA Y RENTAS LOGÍSTICA S.A.,0,0.0
17,P-1649,2. COSTO MATERIALES,0.0,INACAP VITACURA E2,CONSTRUCTORA CUEVAS Y PURCELL S.A.,36183,0.0
18,P-1653,2. COSTO MATERIALES,0.0,EDUARDO DE LA BARRA,CONSTRUCTORA E INVERSIONES VITAL SPA.,0,0.0
19,P-1656,2. COSTO MATERIALES,0.0,MIRADOR CLUB HÍPICO,CONSTRUCTORA VITAL EDIFICACION SPA,11250,0.0
20,P-1658,2. COSTO MATERIALES,0.0,VIVIPRA,VICHERAT Y PRADENAS LTDA.,0,0.0
21,P-1660,2. COSTO MATERIALES,0.0,CORONEL ALVARADO,LARRAIN PRIETO RISOPATRON S.A.,6045,0.0
22,P-1661,2. COSTO MATERIALES,0.0,SAN VICENTE DE PAUL,DANACORP S.A,0,0.0
23,P-1663,2. COSTO MATERIALES,0.0,OFICINAS EQUIFAX,CONSTRUCTORA VRK INGENIERIA LIMITADA,0,0.0
24,P-1664,2. COSTO MATERIALES,0.0,MK II PCI,COMERCIAL K SPA.,0,0.0
25,P-1666,2. COSTO MATERIALES,0.0,CD AXIONLONG,EBCO S.A.,-89550,0.0
26,P-1667,3. COSTO MANO DE OBRA,0.0,ECO PLACILLA,CONSTRUCTORA ICF SPA,-967228,0.0
27,P-1667,2. COSTO MATERIALES,0.0,ECO PLACILLA,CONSTRUCTORA ICF SPA,-90852,0.0
28,P-1668,2. COSTO MATERIALES,0.0,QUILLAYES PLAZA,E.MOLINA MOREL CONSTRUCTORA S.A.,0,0.0
29,P-1669,3. COSTO MANO DE OBRA,0.0,DEPARTAMENTAL,EMP. CONSTRUCTORA INGENIEROS S.A.,-156861,0.0
30,P-1669,2. COSTO MATERIALES,0.0,DEPARTAMENTAL,EMP. CONSTRUCTORA INGENIEROS S.A.,245707,0.0
31,P-1670,2. COSTO MATERIALES,0.0,MK II SEGURIDAD Y REDES,COMERCIAL K SPA.,0,0.0
32,P-1670,1. INGRESO,0.0,MK II SEGURIDAD Y REDES,COMERCIAL K SPA.,0,0.0
33,P-1672,2. COSTO MATERIALES,0.0,STA CLARA (CCDD-TELECOM),CONSTRUCTORA UPC S.A.,-548892,0.0
34,P-1672,1. INGRESO,0.0,STA CLARA (CCDD-TELECOM),CONSTRUCTORA UPC S.A.,0,0.0
35,P-1673,2. COSTO MATERIALES,0.0,INACAP TEMUCO - ETAPA A,UNIVERSIDAD TECNOLOGICA DE CHILE INACAP,0,0.0
36,P-1674,2. COSTO MATERIALES,0.0,OFICINAS BEIERSDORF CHORRILLOS,CONSTRUCTORA SUKSA S.A.,0,0.0
37,P-1675,1. INGRESO,0.0,PALENA II,CONSTRUCTORA MYA SPA.,0,0.0
38,P-1676,3. COSTO MANO DE OBRA,0.0,LO CAMPINO,EBCO S.A.,0,0.0
39,P-1676,2. COSTO MATERIALES,0.0,LO CAMPINO,EBCO S.A.,513298,0.0
40,P-1677,3. COSTO MANO DE OBRA,0.0,GALVARINO GALLARDO,MOLLER Y PEREZ - COTAPOS CONSTRUCCIONES INDUSTRIALES S.A,0,0.0
41,P-1677,2. COSTO MATERIALES,0.0,GALVARINO GALLARDO,MOLLER Y PEREZ - COTAPOS CONSTRUCCIONES INDUSTRIALES S.A,570000,0.0
42,P-1677,1. INGRESO,0.0,GALVARINO GALLARDO,MOLLER Y PEREZ - COTAPOS CONSTRUCCIONES INDUSTRIALES S.A,0,0.0
43,P-1679,3. COSTO MANO DE OBRA,0.0,JUAN SABAJ,CONSTRUCTORA GREVIA,0,0.0
44,P-1679,2. COSTO MATERIALES,0.0,JUAN SABAJ,CONSTRUCTORA GREVIA,0,0.0
45,P-1680,3. COSTO MANO DE OBRA,0.0,NUEVA UNO,CONSTRUCTORA TECSA S.A.,-7431377,-1.3424455256280883
46,P-1680,2. COSTO MATERIALES,0.0,NUEVA UNO,CONSTRUCTORA TECSA S.A.,-11122532,-1.3424455256280883
47,P-1680,1. INGRESO,0.0,NUEVA UNO,CONSTRUCTORA TECSA S.A.,7920743,-1.3424455256280883
48,P-1681,1. INGRESO,0.0, CD ROSEN (CCTV PROVISORIO),COLCHONES ROSEN SAIC,0,0.0
49,P-1682,3. COSTO MANO DE OBRA,0.0,PLAZA CEPPI,EMP. CONSTRUCTORA INGENIEROS S.A.,-1086051,0.9955232135800144
50,P-1682,2. COSTO MATERIALES,0.0,PLAZA CEPPI,EMP. CONSTRUCTORA INGENIEROS S.A.,1001849,0.9955232135800144
51,P-1682,1. INGRESO,0.0,PLAZA CEPPI,EMP. CONSTRUCTORA INGENIEROS S.A.,18808581,0.9955232135800144
52,P-1683,2. COSTO MATERIALES,0.0,CD BP-A05,EBCO S.A.,0,0.0
53,P-1684,3. COSTO MANO DE OBRA,0.0,EDIFICIO GOYCOLEA,EBCO S.A.,-400643,0.5589542377068248
54,P-1684,2. COSTO MATERIALES,0.0,EDIFICIO GOYCOLEA,EBCO S.A.,-1070541,0.5589542377068248
55,P-1684,1. INGRESO,0.0,EDIFICIO GOYCOLEA,EBCO S.A.,3335672,0.5589542377068248
56,P-1685,2. COSTO MATERIALES,0.0,MAPA EDIFICIOS NO OPERACIONALES,CLARO VICUÑA VALENZUELA S.A.,0,0.0
57,P-1686,3. COSTO MANO DE OBRA,0.0,MACUL ICALMA,EMPRESA CONSTRUCTORA INGEVEC S.A.,-4634424,0.41540251728921385
58,P-1686,2. COSTO MATERIALES,0.0,MACUL ICALMA,EMPRESA CONSTRUCTORA INGEVEC S.A.,-2268468,0.41540251728921385
59,P-1686,1. INGRESO,0.0,MACUL ICALMA,EMPRESA CONSTRUCTORA INGEVEC S.A.,11807940,0.41540251728921385
60,P-1687,3. COSTO MANO DE OBRA,0.0,ROJAS MAGALLANES,E.MOLINA MOREL CONSTRUCTORA S.A.,0,0.0
61,P-1687,2. COSTO MATERIALES,0.0,ROJAS MAGALLANES,E.MOLINA MOREL CONSTRUCTORA S.A.,0,0.0
62,P-1687,1. INGRESO,0.0,ROJAS MAGALLANES,E.MOLINA MOREL CONSTRUCTORA S.A.,0,0.0
63,P-1688,3. COSTO MANO DE OBRA,0.0,SUIZA,MOLLER Y PEREZ - COTAPOS CONSTRUCCIONES INDUSTRIALES S.A,-2009744,0.5382574009034934
64,P-1688,2. COSTO MATERIALES,0.0,SUIZA,MOLLER Y PEREZ - COTAPOS CONSTRUCCIONES INDUSTRIALES S.A,-81835,0.5382574009034934
65,P-1688,1. INGRESO,0.0,SUIZA,MOLLER Y PEREZ - COTAPOS CONSTRUCCIONES INDUSTRIALES S.A,4529751,0.5382574009034934
66,P-1689,2. COSTO MATERIALES,0.0,CASINO BUENAVENTURA,EBCO S.A.,0,0.0
67,P-1690,3. COSTO MANO DE OBRA,0.0,ONGOLMO - HOME CONDOMINIO,CANTAUCO CONSTRUCCION LTDA.,0,1.0697635408616812
68,P-1690,2. COSTO MATERIALES,0.0,ONGOLMO - HOME CONDOMINIO,CANTAUCO CONSTRUCCION LTDA.,-167190,1.0697635408616812
69,P-1690,1. INGRESO,0.0,ONGOLMO - HOME CONDOMINIO,CANTAUCO CONSTRUCCION LTDA.,-2396524,1.0697635408616812
70,P-1691,3. COSTO MANO DE OBRA,0.0,ROSARIO ROSALES,CONSTRUCTORA E INMOBILIARIA PRADOVERDE LTDA.,0,0.0
71,P-1691,2. COSTO MATERIALES,0.0,ROSARIO ROSALES,CONSTRUCTORA E INMOBILIARIA PRADOVERDE LTDA.,-16152,0.0
72,P-1691,1. INGRESO,0.0,ROSARIO ROSALES,CONSTRUCTORA E INMOBILIARIA PRADOVERDE LTDA.,0,0.0
73,P-1692,3. COSTO MANO DE OBRA,0.0,JOSÉ PEREZ COTAPOS,EBCO S.A.,-7576783,-62.58228052557287
74,P-1692,2. COSTO MATERIALES,0.0,JOSÉ PEREZ COTAPOS,EBCO S.A.,-1477143,-62.58228052557287
75,P-1692,1. INGRESO,0.0,JOSÉ PEREZ COTAPOS,EBCO S.A.,142397,-62.58228052557287
76,P-1693,3. COSTO MANO DE OBRA,0.0,VOLTA V0800,ECOBIO SPA,-2407425,0.0
77,P-1693,2. COSTO MATERIALES,0.0,VOLTA V0800,ECOBIO SPA,0,0.0
78,P-1694,3. COSTO MANO DE OBRA,0.0,ECO HUEMUL,CONSTRUCTORA ICF SPA,-4736731,0.3190117996518388
79,P-1694,2. COSTO MATERIALES,0.0,ECO HUEMUL,CONSTRUCTORA ICF SPA,-7641345,0.3190117996518388
80,P-1694,1. INGRESO,0.0,ECO HUEMUL,CONSTRUCTORA ICF SPA,18176638,0.3190117996518388
81,P-1695,3. COSTO MANO DE OBRA,0.0,EDIFICIO ESTORIL,EMPRESA CONSTRUCTORA BRAVO E IZQUIERDO,0,0.32834592226537945
82,P-1695,2. COSTO MATERIALES,0.0,EDIFICIO ESTORIL,EMPRESA CONSTRUCTORA BRAVO E IZQUIERDO,-8637098,0.32834592226537945
83,P-1695,1. INGRESO,0.0,EDIFICIO ESTORIL,EMPRESA CONSTRUCTORA BRAVO E IZQUIERDO,12859444,0.32834592226537945
84,P-1696,3. COSTO MANO DE OBRA,0.0,SANTA VICTORIA - TERRACORP,CONSTRUCTORA TERRACORP S.A.,-1750141,0.0
85,P-1696,2. COSTO MATERIALES,0.0,SANTA VICTORIA - TERRACORP,CONSTRUCTORA TERRACORP S.A.,-2304440,0.0
86,P-1696,1. INGRESO,0.0,SANTA VICTORIA - TERRACORP,CONSTRUCTORA TERRACORP S.A.,0,0.0
87,P-1697,3. COSTO MANO DE OBRA,0.0,ESTOCOLMO,CONSTRUCTORA FORTALEZA S.A,-4075065,-0.7408925219503565
88,P-1697,2. COSTO MATERIALES,0.0,ESTOCOLMO,CONSTRUCTORA FORTALEZA S.A,-2793616,-0.7408925219503565
89,P-1697,1. INGRESO,0.0,ESTOCOLMO,CONSTRUCTORA FORTALEZA S.A,3945494,-0.7408925219503565
90,P-1698,2. COSTO MATERIALES,0.0,CD ANDES,EBCO S.A.,0,0.0
91,P-1698,1. INGRESO,0.0,CD ANDES,EBCO S.A.,0,0.0
92,P-1699,3. COSTO MANO DE OBRA,0.0,VILLA PANAMERICANA LOTE B,EMPRESA CONSTRUCTORA DLP S.A.,-8267470,0.21498859929672937
93,P-1699,2. COSTO MATERIALES,0.0,VILLA PANAMERICANA LOTE B,EMPRESA CONSTRUCTORA DLP S.A.,-8687386,0.21498859929672937
94,P-1699,1. INGRESO,0.0,VILLA PANAMERICANA LOTE B,EMPRESA CONSTRUCTORA DLP S.A.,21598229,0.21498859929672937
95,P-1700,3. COSTO MANO DE OBRA,0.0,CD ORIZON,EBCO S.A.,-172081,0.0
96,P-1700,2. COSTO MATERIALES,0.0,CD ORIZON,EBCO S.A.,-24936,0.0
97,P-1700,1. INGRESO,0.0,CD ORIZON,EBCO S.A.,0,0.0
98,P-1701,3. COSTO MANO DE OBRA,0.0,EDIFICIO ZENTENO,CONSTRUCTORA GREVIA SPA.,0,0.0
99,P-1701,2. COSTO MATERIALES,0.0,EDIFICIO ZENTENO,CONSTRUCTORA GREVIA SPA.,175639,0.0
100,P-1701,1. INGRESO,0.0,EDIFICIO ZENTENO,CONSTRUCTORA GREVIA SPA.,0,0.0
101,P-1703,3. COSTO MANO DE OBRA,0.0,SANTA VICTORIA DANACORP,DANACORP S.A,-1057164,0.0
102,P-1703,2. COSTO MATERIALES,0.0,SANTA VICTORIA DANACORP,DANACORP S.A,-200940,0.0
103,P-1703,1. INGRESO,0.0,SANTA VICTORIA DANACORP,DANACORP S.A,0,0.0
104,P-1704,3. COSTO MANO DE OBRA,0.0,CD MERCADO LIBRE MEZZANINA,EBCO S.A.,-14242535,0.643181291797924
105,P-1704,2. COSTO MATERIALES,0.0,CD MERCADO LIBRE MEZZANINA,EBCO S.A.,-13967551,0.643181291797924
106,P-1704,1. INGRESO,0.0,CD MERCADO LIBRE MEZZANINA,EBCO S.A.,79059997,0.643181291797924
107,P-1705,3. COSTO MANO DE OBRA,0.0,LOS CLARINES,CONSTRUCTORA INARCO S.A.,-5553518,0.47134466475442727
108,P-1705,2. COSTO MATERIALES,0.0,LOS CLARINES,CONSTRUCTORA INARCO S.A.,-5120186,0.47134466475442727
109,P-1705,1. INGRESO,0.0,LOS CLARINES,CONSTRUCTORA INARCO S.A.,20190289,0.47134466475442727
110,P-1706,3. COSTO MANO DE OBRA,0.0,CALIFORNIA,CONSTRUCTORA E INVERSIONES VITAL SPA.,-1197155,0.6373792853430363
111,P-1706,2. COSTO MATERIALES,0.0,CALIFORNIA,CONSTRUCTORA E INVERSIONES VITAL SPA.,-5198516,0.6373792853430363
112,P-1706,1. INGRESO,0.0,CALIFORNIA,CONSTRUCTORA E INVERSIONES VITAL SPA.,17637357,0.6373792853430363
113,P-1707,3. COSTO MANO DE OBRA,0.0,LAS TRANQUERAS,CONSTRUCTORA SANTOLAYA LTDA.,-1568341,-0.016723201131940868
114,P-1707,2. COSTO MATERIALES,0.0,LAS TRANQUERAS,CONSTRUCTORA SANTOLAYA LTDA.,-5634603,-0.016723201131940868
115,P-1707,1. INGRESO,0.0,LAS TRANQUERAS,CONSTRUCTORA SANTOLAYA LTDA.,7084469,-0.016723201131940868
116,P-1708,3. COSTO MANO DE OBRA,0.0,ECO ESPAÑA,CONSTRUCTORA ICF SPA,-921206,-1.3488708307941795
117,P-1708,2. COSTO MATERIALES,0.0,ECO ESPAÑA,CONSTRUCTORA ICF SPA,0,-1.3488708307941795
118,P-1708,1. INGRESO,0.0,ECO ESPAÑA,CONSTRUCTORA ICF SPA,392191,-1.3488708307941795
119,P-1709,3. COSTO MANO DE OBRA,0.0,CENTRO COMERCIAL PASEO SAN PEDRO,EBCO S.A.,-2333919,0.5068045978664188
120,P-1709,2. COSTO MATERIALES,0.0,CENTRO COMERCIAL PASEO SAN PEDRO,EBCO S.A.,-3154246,0.5068045978664188
121,P-1709,1. INGRESO,0.0,CENTRO COMERCIAL PASEO SAN PEDRO,EBCO S.A.,11127770,0.5068045978664188
122,P-1712,3. COSTO MANO DE OBRA,0.0,CENTRO COMERCIAL VIÑA OUTLET PARK,EBCO S.A.,-2791400,0.0
123,P-1712,2. COSTO MATERIALES,0.0,CENTRO COMERCIAL VIÑA OUTLET PARK,EBCO S.A.,-5124213,0.0
124,P-1712,1. INGRESO,0.0,CENTRO COMERCIAL VIÑA OUTLET PARK,EBCO S.A.,0,0.0
125,P-1713,3. COSTO MANO DE OBRA,0.0,RESERVA SAN FRANCISCO,EMPRESA NACIONAL DE CONSTRUCCIÓN LAS VERTIENTES SPA,-172081,0.0
126,P-1713,2. COSTO MATERIALES,0.0,RESERVA SAN FRANCISCO,EMPRESA NACIONAL DE CONSTRUCCIÓN LAS VERTIENTES SPA,-1088874,0.0
127,P-1713,1. INGRESO,0.0,RESERVA SAN FRANCISCO,EMPRESA NACIONAL DE CONSTRUCCIÓN LAS VERTIENTES SPA,0,0.0
128,P-1714,3. COSTO MANO DE OBRA,0.0,DEPARTAMENTAL II,CONSTRUCTORA FUERZA SUR DOS SPA,-738438,0.6007799175339829
129,P-1714,2. COSTO MATERIALES,0.0,DEPARTAMENTAL II,CONSTRUCTORA FUERZA SUR DOS SPA,-234124,0.6007799175339829
130,P-1714,1. INGRESO,0.0,DEPARTAMENTAL II,CONSTRUCTORA FUERZA SUR DOS SPA,2436155,0.6007799175339829
131,P-1715,3. COSTO MANO DE OBRA,0.0,CD LO ECHEVERS,QUEZADA Y BOETSCH,-3709490,0.0
132,P-1715,2. COSTO MATERIALES,0.0,CD LO ECHEVERS,QUEZADA Y BOETSCH,-5912966,0.0
133,P-1715,1. INGRESO,0.0,CD LO ECHEVERS,QUEZADA Y BOETSCH,0,0.0
134,P-1716,3. COSTO MANO DE OBRA,0.0,CD ASTARA,ASTARA LOGÍSTICA CHILE SPA.,-895428,0.6149835785068769
135,P-1716,2. COSTO MATERIALES,0.0,CD ASTARA,ASTARA LOGÍSTICA CHILE SPA.,-2986507,0.6149835785068769
136,P-1716,1. INGRESO,0.0,CD ASTARA,ASTARA LOGÍSTICA CHILE SPA.,10082518,0.6149835785068769
137,P-1717,2. COSTO MATERIALES,0.0,ECO QUILÍN I,CONSTRUCTORA ICF SPA,0,0.0
138,P-1718,3. COSTO MANO DE OBRA,0.0,PATIO COMIDAS,EBCO S.A.,-8486339,0.3253126862119833
139,P-1718,2. COSTO MATERIALES,0.0,PATIO COMIDAS,EBCO S.A.,-4114547,0.3253126862119833
140,P-1718,1. INGRESO,0.0,PATIO COMIDAS,EBCO S.A.,18676631,0.3253126862119833
141,P-1719,1. INGRESO,0.0,CD METALPAR,EBCO S.A.,0,0.0
142,P-1720,1. INGRESO,0.0,,,0,0.0
143,P-1721,3. COSTO MANO DE OBRA,0.0,STRIP CENTER LUIS PASTEUR,INMOBILIARIA LUIS PASTEUR S.A.,-2706033,0.11177324008319828
144,P-1721,2. COSTO MATERIALES,0.0,STRIP CENTER LUIS PASTEUR,INMOBILIARIA LUIS PASTEUR S.A.,-12403103,0.11177324008319828
145,P-1721,1. INGRESO,0.0,STRIP CENTER LUIS PASTEUR,INMOBILIARIA LUIS PASTEUR S.A.,17010449,0.11177324008319828
146,P-1722,1. INGRESO,0.0,ECO CERRILLOS,CONSTRUCTORA ICF SPA,0,0.0
147,P-1723,3. COSTO MANO DE OBRA,0.0,VILLA PANAMERICANA LOTE C,CONSTRUCTORA MENA Y OVALLE S.A.,-7889395,0.38805324717138817
148,P-1723,2. COSTO MATERIALES,0.0,VILLA PANAMERICANA LOTE C,CONSTRUCTORA MENA Y OVALLE S.A.,-34038712,0.38805324717138817
149,P-1723,1. INGRESO,0.0,VILLA PANAMERICANA LOTE C,CONSTRUCTORA MENA Y OVALLE S.A.,68515940,0.38805324717138817
150,P-1724,3. COSTO MANO DE OBRA,0.0,,,0,0.16255511463844796
151,P-1724,2. COSTO MATERIALES,0.0,,,-75973,0.16255511463844796
152,P-1724,1. INGRESO,0.0,,,90720,0.16255511463844796
153,P-1725,3. COSTO MANO DE OBRA,0.0,LO CAÑAS,CONSTRUCTORA BRISAS DE BATUCO,-2120143,-0.5016072817175361
154,P-1725,2. COSTO MATERIALES,0.0,LO CAÑAS,CONSTRUCTORA BRISAS DE BATUCO,-6708545,-0.5016072817175361
155,P-1725,1. INGRESO,0.0,LO CAÑAS,CONSTRUCTORA BRISAS DE BATUCO,5879492,-0.5016072817175361
156,P-1726,3. COSTO MANO DE OBRA,0.0,,,-2654140,0.5313318462478448
157,P-1726,2. COSTO MATERIALES,0.0,,,-9263697,0.5313318462478448
158,P-1726,1. INGRESO,0.0,,,25429159,0.5313318462478448
159,P-1727,3. COSTO MANO DE OBRA,0.0,,,-3205300,0.25384892318958857
160,P-1727,2. COSTO MATERIALES,0.0,,,-9901554,0.25384892318958857
161,P-1727,1. INGRESO,0.0,,,17565952,0.25384892318958857
162,P-1728,3. COSTO MANO DE OBRA,0.0,,,-541472,0.0
163,P-1728,2. COSTO MATERIALES,0.0,,,0,0.0
164,P-1557,1. INGRESO,0.0,ROSARIO ROSALES,EBCO S.A.,0,0.0
165,P-1557,2. COSTO MATERIALES,0.0,ROSARIO ROSALES,EBCO S.A.,0,0.0
166,P-1557,4. COSTO SUPERVISIÓN,0.0,ROSARIO ROSALES,EBCO S.A.,0,0.0
167,P-1591,1. INGRESO,0.0,EDIFICIO ESTORIL,EBCO S.A.,0,0.0
168,P-1591,2. COSTO MATERIALES,0.0,EDIFICIO ESTORIL,EBCO S.A.,0,0.0
169,P-1591,4. COSTO SUPERVISIÓN,0.0,EDIFICIO ESTORIL,EBCO S.A.,0,0.0
170,P-1592,1. INGRESO,0.0,NUEVA COSTANERA 3300,EBCO S.A.,0,0.0
171,P-1592,3. COSTO MANO DE OBRA,0.0,NUEVA COSTANERA 3300,EBCO S.A.,0,0.0
172,P-1592,4. COSTO SUPERVISIÓN,0.0,NUEVA COSTANERA 3300,EBCO S.A.,0,0.0
173,P-1603,1. INGRESO,0.0,FARELLONES,EMPRESA CONSTRUCTORA DLP S.A.,0,0.0
174,P-1603,3. COSTO MANO DE OBRA,0.0,FARELLONES,EMPRESA CONSTRUCTORA DLP S.A.,0,0.0
175,P-1603,4. COSTO SUPERVISIÓN,0.0,FARELLONES,EMPRESA CONSTRUCTORA DLP S.A.,0,0.0
176,P-1611,1. INGRESO,0.0,EDIFICIO PLAZA EGAÑA,EBCO S.A.,0,0.0
177,P-1611,3. COSTO MANO DE OBRA,0.0,EDIFICIO PLAZA EGAÑA,EBCO S.A.,0,0.0
178,P-1611,4. COSTO SUPERVISIÓN,0.0,EDIFICIO PLAZA EGAÑA,EBCO S.A.,0,0.0
179,P-1612,1. INGRESO,0.0,BARRIO PARQUE SANTIAGO 7,CONSTRUCTORA ALTURAS DEL SUR S.A,0,0.0
180,P-1612,3. COSTO MANO DE OBRA,0.0,BARRIO PARQUE SANTIAGO 7,CONSTRUCTORA ALTURAS DEL SUR S.A,0,0.0
181,P-1612,4. COSTO SUPERVISIÓN,0.0,BARRIO PARQUE SANTIAGO 7,CONSTRUCTORA ALTURAS DEL SUR S.A,0,0.0
182,P-1620,1. INGRESO,0.0,"OF APOQUINDO- HABILITACIONES, INTEGRACION Y ADICIONALES.",CONSTRUCTORA INARCO S.A.,0,0.0
183,P-1620,3. COSTO MANO DE OBRA,0.0,"OF APOQUINDO- HABILITACIONES, INTEGRACION Y ADICIONALES.",CONSTRUCTORA INARCO S.A.,0,0.0
184,P-1620,4. COSTO SUPERVISIÓN,0.0,"OF APOQUINDO- HABILITACIONES, INTEGRACION Y ADICIONALES.",CONSTRUCTORA INARCO S.A.,0,0.0
185,P-1626,1. INGRESO,0.0,CLINICA BIO BIO,CONSTRUCTORA LYD S.A.,0,0.0
186,P-1626,3. COSTO MANO DE OBRA,0.0,CLINICA BIO BIO,CONSTRUCTORA LYD S.A.,0,0.0
187,P-1626,4. COSTO SUPERVISIÓN,0.0,CLINICA BIO BIO,CONSTRUCTORA LYD S.A.,0,0.0
188,P-1632,1. INGRESO,0.0,CHORRILLOS CLOROX,CONSTRUCTORA SUKSA S.A.,0,0.0
189,P-1632,3. COSTO MANO DE OBRA,0.0,CHORRILLOS CLOROX,CONSTRUCTORA SUKSA S.A.,0,0.0
190,P-1632,4. COSTO SUPERVISIÓN,0.0,CHORRILLOS CLOROX,CONSTRUCTORA SUKSA S.A.,0,0.0
191,P-1639,1. INGRESO,0.0,LYON 2546,MOLLER Y PEREZ - COTAPOS CONSTRUCCIONES INDUSTRIALES S.A,0,0.0
192,P-1639,3. COSTO MANO DE OBRA,0.0,LYON 2546,MOLLER Y PEREZ - COTAPOS CONSTRUCCIONES INDUSTRIALES S.A,0,0.0
193,P-1639,4. COSTO SUPERVISIÓN,0.0,LYON 2546,MOLLER Y PEREZ - COTAPOS CONSTRUCCIONES INDUSTRIALES S.A,0,0.0
194,P-1641,1. INGRESO,0.0,INACAP TEMUCO,DESARROLLOS CONSTRUCTIVOS AXIS SOCIEDAD ANONIMA,0,0.0
195,P-1641,3. COSTO MANO DE OBRA,0.0,INACAP TEMUCO,DESARROLLOS CONSTRUCTIVOS AXIS SOCIEDAD ANONIMA,0,0.0
196,P-1641,4. COSTO SUPERVISIÓN,0.0,INACAP TEMUCO,DESARROLLOS CONSTRUCTIVOS AXIS SOCIEDAD ANONIMA,0,0.0
197,P-1642,1. INGRESO,0.0,CORINTO,EMP. CONSTRUCTORA INGENIEROS S.A.,0,0.0
198,P-1642,3. COSTO MANO DE OBRA,0.0,CORINTO,EMP. CONSTRUCTORA INGENIEROS S.A.,0,0.0
199,P-1642,4. COSTO SUPERVISIÓN,0.0,CORINTO,EMP. CONSTRUCTORA INGENIEROS S.A.,0,0.0
200,P-1643,1. INGRESO,0.0,CHORRILLOS M4,CONSTRUCTORA SUKSA S.A.,0,0.0
201,P-1643,3. COSTO MANO DE OBRA,0.0,CHORRILLOS M4,CONSTRUCTORA SUKSA S.A.,0,0.0
202,P-1643,4. COSTO SUPERVISIÓN,0.0,CHORRILLOS M4,CONSTRUCTORA SUKSA S.A.,0,0.0
203,P-1644,1. INGRESO,0.0,MIRADOR DE SAN CRISTOBAL,EBCO S.A.,0,0.0
204,P-1644,3. COSTO MANO DE OBRA,0.0,MIRADOR DE SAN CRISTOBAL,EBCO S.A.,0,0.0
205,P-1644,4. COSTO SUPERVISIÓN,0.0,MIRADOR DE SAN CRISTOBAL,EBCO S.A.,0,0.0
206,P-1645,3. COSTO MANO DE OBRA,0.0,LOS TRES ANTONIOS,SOCIEDAD CONSTRUCTORA ECHAVARRI HERMANOS LIMITADA,0,0.0
207,P-1645,4. COSTO SUPERVISIÓN,0.0,LOS TRES ANTONIOS,SOCIEDAD CONSTRUCTORA ECHAVARRI HERMANOS LIMITADA,0,0.0
208,P-1648,1. INGRESO,0.0,ETAPA 2 CD PERALILLO TW,INMOBILIARIA Y RENTAS LOGÍSTICA S.A.,0,0.0
209,P-1648,3. COSTO MANO DE OBRA,0.0,ETAPA 2 CD PERALILLO TW,INMOBILIARIA Y RENTAS LOGÍSTICA S.A.,0,0.0
210,P-1648,4. COSTO SUPERVISIÓN,0.0,ETAPA 2 CD PERALILLO TW,INMOBILIARIA Y RENTAS LOGÍSTICA S.A.,0,0.0
211,P-1649,1. INGRESO,0.0,INACAP VITACURA E2,CONSTRUCTORA CUEVAS Y PURCELL S.A.,0,0.0
212,P-1649,3. COSTO MANO DE OBRA,0.0,INACAP VITACURA E2,CONSTRUCTORA CUEVAS Y PURCELL S.A.,0,0.0
213,P-1649,4. COSTO SUPERVISIÓN,0.0,INACAP VITACURA E2,CONSTRUCTORA CUEVAS Y PURCELL S.A.,0,0.0
214,P-1653,1. INGRESO,0.0,EDUARDO DE LA BARRA,CONSTRUCTORA E INVERSIONES VITAL SPA.,0,0.0
215,P-1653,3. COSTO MANO DE OBRA,0.0,EDUARDO DE LA BARRA,CONSTRUCTORA E INVERSIONES VITAL SPA.,0,0.0
216,P-1653,4. COSTO SUPERVISIÓN,0.0,EDUARDO DE LA BARRA,CONSTRUCTORA E INVERSIONES VITAL SPA.,0,0.0
217,P-1656,1. INGRESO,0.0,MIRADOR CLUB HÍPICO,CONSTRUCTORA VITAL EDIFICACION SPA,0,0.0
218,P-1656,3. COSTO MANO DE OBRA,0.0,MIRADOR CLUB HÍPICO,CONSTRUCTORA VITAL EDIFICACION SPA,0,0.0
219,P-1656,4. COSTO SUPERVISIÓN,0.0,MIRADOR CLUB HÍPICO,CONSTRUCTORA VITAL EDIFICACION SPA,0,0.0
220,P-1658,1. INGRESO,0.0,VIVIPRA,VICHERAT Y PRADENAS LTDA.,0,0.0
221,P-1658,3. COSTO MANO DE OBRA,0.0,VIVIPRA,VICHERAT Y PRADENAS LTDA.,0,0.0
222,P-1658,4. COSTO SUPERVISIÓN,0.0,VIVIPRA,VICHERAT Y PRADENAS LTDA.,0,0.0
223,P-1660,1. INGRESO,0.0,CORONEL ALVARADO,LARRAIN PRIETO RISOPATRON S.A.,0,0.0
224,P-1660,3. COSTO MANO DE OBRA,0.0,CORONEL ALVARADO,LARRAIN PRIETO RISOPATRON S.A.,0,0.0
225,P-1660,4. COSTO SUPERVISIÓN,0.0,CORONEL ALVARADO,LARRAIN PRIETO RISOPATRON S.A.,0,0.0
226,P-1661,1. INGRESO,0.0,SAN VICENTE DE PAUL,DANACORP S.A,0,0.0
227,P-1661,3. COSTO MANO DE OBRA,0.0,SAN VICENTE DE PAUL,DANACORP S.A,0,0.0
228,P-1661,4. COSTO SUPERVISIÓN,0.0,SAN VICENTE DE PAUL,DANACORP S.A,0,0.0
229,P-1663,1. INGRESO,0.0,OFICINAS EQUIFAX,CONSTRUCTORA VRK INGENIERIA LIMITADA,0,0.0
230,P-1663,3. COSTO MANO DE OBRA,0.0,OFICINAS EQUIFAX,CONSTRUCTORA VRK INGENIERIA LIMITADA,0,0.0
231,P-1663,4. COSTO SUPERVISIÓN,0.0,OFICINAS EQUIFAX,CONSTRUCTORA VRK INGENIERIA LIMITADA,0,0.0
232,P-1664,1. INGRESO,0.0,MK II PCI,COMERCIAL K SPA.,0,0.0
233,P-1664,3. COSTO MANO DE OBRA,0.0,MK II PCI,COMERCIAL K SPA.,0,0.0
234,P-1664,4. COSTO SUPERVISIÓN,0.0,MK II PCI,COMERCIAL K SPA.,0,0.0
235,P-1666,1. INGRESO,0.0,CD AXIONLONG,EBCO S.A.,0,0.0
236,P-1666,3. COSTO MANO DE OBRA,0.0,CD AXIONLONG,EBCO S.A.,0,0.0
237,P-1666,4. COSTO SUPERVISIÓN,0.0,CD AXIONLONG,EBCO S.A.,0,0.0
238,P-1667,1. INGRESO,0.0,ECO PLACILLA,CONSTRUCTORA ICF SPA,0,0.0
239,P-1667,4. COSTO SUPERVISIÓN,0.0,ECO PLACILLA,CONSTRUCTORA ICF SPA,0,0.0
240,P-1668,1. INGRESO,0.0,QUILLAYES PLAZA,E.MOLINA MOREL CONSTRUCTORA S.A.,0,0.0
241,P-1668,3. COSTO MANO DE OBRA,0.0,QUILLAYES PLAZA,E.MOLINA MOREL CONSTRUCTORA S.A.,0,0.0
242,P-1668,4. COSTO SUPERVISIÓN,0.0,QUILLAYES PLAZA,E.MOLINA MOREL CONSTRUCTORA S.A.,0,0.0
243,P-1669,1. INGRESO,0.0,DEPARTAMENTAL,EMP. CONSTRUCTORA INGENIEROS S.A.,0,0.0
244,P-1669,4. COSTO SUPERVISIÓN,0.0,DEPARTAMENTAL,EMP. CONSTRUCTORA INGENIEROS S.A.,0,0.0
245,P-1670,3. COSTO MANO DE OBRA,0.0,MK II SEGURIDAD Y REDES,COMERCIAL K SPA.,0,0.0
246,P-1670,4. COSTO SUPERVISIÓN,0.0,MK II SEGURIDAD Y REDES,COMERCIAL K SPA.,0,0.0
247,P-1672,3. COSTO MANO DE OBRA,0.0,STA CLARA (CCDD-TELECOM),CONSTRUCTORA UPC S.A.,0,0.0
248,P-1672,4. COSTO SUPERVISIÓN,0.0,STA CLARA (CCDD-TELECOM),CONSTRUCTORA UPC S.A.,0,0.0
249,P-1673,1. INGRESO,0.0,INACAP TEMUCO - ETAPA A,UNIVERSIDAD TECNOLOGICA DE CHILE INACAP,0,0.0
250,P-1673,3. COSTO MANO DE OBRA,0.0,INACAP TEMUCO - ETAPA A,UNIVERSIDAD TECNOLOGICA DE CHILE INACAP,0,0.0
251,P-1673,4. COSTO SUPERVISIÓN,0.0,INACAP TEMUCO - ETAPA A,UNIVERSIDAD TECNOLOGICA DE CHILE INACAP,0,0.0
252,P-1674,1. INGRESO,0.0,OFICINAS BEIERSDORF CHORRILLOS,CONSTRUCTORA SUKSA S.A.,0,0.0
253,P-1674,3. COSTO MANO DE OBRA,0.0,OFICINAS BEIERSDORF CHORRILLOS,CONSTRUCTORA SUKSA S.A.,0,0.0
254,P-1674,4. COSTO SUPERVISIÓN,0.0,OFICINAS BEIERSDORF CHORRILLOS,CONSTRUCTORA SUKSA S.A.,0,0.0
255,P-1675,2. COSTO MATERIALES,0.0,PALENA II,CONSTRUCTORA MYA SPA.,0,0.0
256,P-1675,3. COSTO MANO DE OBRA,0.0,PALENA II,CONSTRUCTORA MYA SPA.,0,0.0
257,P-1675,4. COSTO SUPERVISIÓN,0.0,PALENA II,CONSTRUCTORA MYA SPA.,0,0.0
258,P-1676,1. INGRESO,0.0,LO CAMPINO,EBCO S.A.,0,0.0
259,P-1676,4. COSTO SUPERVISIÓN,0.0,LO CAMPINO,EBCO S.A.,0,0.0
260,P-1677,4. COSTO SUPERVISIÓN,0.0,GALVARINO GALLARDO,MOLLER Y PEREZ - COTAPOS CONSTRUCCIONES INDUSTRIALES S.A,0,0.0
261,P-1679,1. INGRESO,0.0,JUAN SABAJ,CONSTRUCTORA GREVIA,0,0.0
262,P-1679,4. COSTO SUPERVISIÓN,0.0,JUAN SABAJ,CONSTRUCTORA GREVIA,0,0.0
263,P-1680,4. COSTO SUPERVISIÓN,0.0,NUEVA UNO,CONSTRUCTORA TECSA S.A.,0,-1.3424455256280883
264,P-1681,2. COSTO MATERIALES,0.0, CD ROSEN (CCTV PROVISORIO),COLCHONES ROSEN SAIC,0,0.0
265,P-1681,3. COSTO MANO DE OBRA,0.0, CD ROSEN (CCTV PROVISORIO),COLCHONES ROSEN SAIC,0,0.0
266,P-1681,4. COSTO SUPERVISIÓN,0.0, CD ROSEN (CCTV PROVISORIO),COLCHONES ROSEN SAIC,0,0.0
267,P-1682,4. COSTO SUPERVISIÓN,0.0,PLAZA CEPPI,EMP. CONSTRUCTORA INGENIEROS S.A.,0,0.9955232135800144
268,P-1683,1. INGRESO,0.0,CD BP-A05,EBCO S.A.,0,0.0
269,P-1683,3. COSTO MANO DE OBRA,0.0,CD BP-A05,EBCO S.A.,0,0.0
270,P-1683,4. COSTO SUPERVISIÓN,0.0,CD BP-A05,EBCO S.A.,0,0.0
271,P-1684,4. COSTO SUPERVISIÓN,0.0,EDIFICIO GOYCOLEA,EBCO S.A.,0,0.5589542377068248
272,P-1685,1. INGRESO,0.0,MAPA EDIFICIOS NO OPERACIONALES,CLARO VICUÑA VALENZUELA S.A.,0,0.0
273,P-1685,3. COSTO MANO DE OBRA,0.0,MAPA EDIFICIOS NO OPERACIONALES,CLARO VICUÑA VALENZUELA S.A.,0,0.0
274,P-1685,4. COSTO SUPERVISIÓN,0.0,MAPA EDIFICIOS NO OPERACIONALES,CLARO VICUÑA VALENZUELA S.A.,0,0.0
275,P-1686,4. COSTO SUPERVISIÓN,0.0,MACUL ICALMA,EMPRESA CONSTRUCTORA INGEVEC S.A.,0,0.41540251728921385
276,P-1687,4. COSTO SUPERVISIÓN,0.0,ROJAS MAGALLANES,E.MOLINA MOREL CONSTRUCTORA S.A.,0,0.0
277,P-1688,4. COSTO SUPERVISIÓN,0.0,SUIZA,MOLLER Y PEREZ - COTAPOS CONSTRUCCIONES INDUSTRIALES S.A,0,0.5382574009034934
278,P-1689,1. INGRESO,0.0,CASINO BUENAVENTURA,EBCO S.A.,0,0.0
279,P-1689,3. COSTO MANO DE OBRA,0.0,CASINO BUENAVENTURA,EBCO S.A.,0,0.0
280,P-1689,4. COSTO SUPERVISIÓN,0.0,CASINO BUENAVENTURA,EBCO S.A.,0,0.0
281,P-1690,4. COSTO SUPERVISIÓN,0.0,ONGOLMO - HOME CONDOMINIO,CANTAUCO CONSTRUCCION LTDA.,0,1.0697635408616812
282,P-1691,4. COSTO SUPERVISIÓN,0.0,ROSARIO ROSALES,CONSTRUCTORA E INMOBILIARIA PRADOVERDE LTDA.,0,0.0
283,P-1692,4. COSTO SUPERVISIÓN,0.0,JOSÉ PEREZ COTAPOS,EBCO S.A.,0,-62.58228052557287
284,P-1693,1. INGRESO,0.0,VOLTA V0800,ECOBIO SPA,0,0.0
285,P-1693,4. COSTO SUPERVISIÓN,0.0,VOLTA V0800,ECOBIO SPA,0,0.0
286,P-1694,4. COSTO SUPERVISIÓN,0.0,ECO HUEMUL,CONSTRUCTORA ICF SPA,0,0.3190117996518388
287,P-1695,4. COSTO SUPERVISIÓN,0.0,EDIFICIO ESTORIL,EMPRESA CONSTRUCTORA BRAVO E IZQUIERDO,0,0.32834592226537945
288,P-1696,4. COSTO SUPERVISIÓN,0.0,SANTA VICTORIA - TERRACORP,CONSTRUCTORA TERRACORP S.A.,0,0.0
289,P-1697,4. COSTO SUPERVISIÓN,0.0,ESTOCOLMO,CONSTRUCTORA FORTALEZA S.A,0,-0.7408925219503565
290,P-1698,3. COSTO MANO DE OBRA,0.0,CD ANDES,EBCO S.A.,0,0.0
291,P-1698,4. COSTO SUPERVISIÓN,0.0,CD ANDES,EBCO S.A.,0,0.0
292,P-1699,4. COSTO SUPERVISIÓN,0.0,VILLA PANAMERICANA LOTE B,EMPRESA CONSTRUCTORA DLP S.A.,0,0.21498859929672937
293,P-1700,4. COSTO SUPERVISIÓN,0.0,CD ORIZON,EBCO S.A.,0,0.0
294,P-1701,4. COSTO SUPERVISIÓN,0.0,EDIFICIO ZENTENO,CONSTRUCTORA GREVIA SPA.,0,0.0
295,P-1703,4. COSTO SUPERVISIÓN,0.0,SANTA VICTORIA DANACORP,DANACORP S.A,0,0.0
296,P-1704,4. COSTO SUPERVISIÓN,0.0,CD MERCADO LIBRE MEZZANINA,EBCO S.A.,0,0.643181291797924
297,P-1705,4. COSTO SUPERVISIÓN,0.0,LOS CLARINES,CONSTRUCTORA INARCO S.A.,0,0.47134466475442727
298,P-1706,4. COSTO SUPERVISIÓN,0.0,CALIFORNIA,CONSTRUCTORA E INVERSIONES VITAL SPA.,0,0.6373792853430363
299,P-1707,4. COSTO SUPERVISIÓN,0.0,LAS TRANQUERAS,CONSTRUCTORA SANTOLAYA LTDA.,0,-0.016723201131940868
300,P-1708,4. COSTO SUPERVISIÓN,0.0,ECO ESPAÑA,CONSTRUCTORA ICF SPA,0,-1.3488708307941795
301,P-1709,4. COSTO SUPERVISIÓN,0.0,CENTRO COMERCIAL PASEO SAN PEDRO,EBCO S.A.,0,0.5068045978664188
302,P-1712,4. COSTO SUPERVISIÓN,0.0,CENTRO COMERCIAL VIÑA OUTLET PARK,EBCO S.A.,0,0.0
303,P-1713,4. COSTO SUPERVISIÓN,0.0,RESERVA SAN FRANCISCO,EMPRESA NACIONAL DE CONSTRUCCIÓN LAS VERTIENTES SPA,0,0.0
304,P-1714,4. COSTO SUPERVISIÓN,0.0,DEPARTAMENTAL II,CONSTRUCTORA FUERZA SUR DOS SPA,0,0.6007799175339829
305,P-1715,4. COSTO SUPERVISIÓN,0.0,CD LO ECHEVERS,QUEZADA Y BOETSCH,0,0.0
306,P-1716,4. COSTO SUPERVISIÓN,0.0,CD ASTARA,ASTARA LOGÍSTICA CHILE SPA.,0,0.6149835785068769
307,P-1717,1. INGRESO,0.0,ECO QUILÍN I,CONSTRUCTORA ICF SPA,0,0.0
308,P-1717,3. COSTO MANO DE OBRA,0.0,ECO QUILÍN I,CONSTRUCTORA ICF SPA,0,0.0
309,P-1717,4. COSTO SUPERVISIÓN,0.0,ECO QUILÍN I,CONSTRUCTORA ICF SPA,0,0.0
310,P-1718,4. COSTO SUPERVISIÓN,0.0,PATIO COMIDAS,EBCO S.A.,0,0.3253126862119833
311,P-1719,2. COSTO MATERIALES,0.0,CD METALPAR,EBCO S.A.,0,0.0
312,P-1719,3. COSTO MANO DE OBRA,0.0,CD METALPAR,EBCO S.A.,0,0.0
313,P-1719,4. COSTO SUPERVISIÓN,0.0,CD METALPAR,EBCO S.A.,0,0.0
314,P-1720,2. COSTO MATERIALES,0.0,,,0,0.0
315,P-1720,3. COSTO MANO DE OBRA,0.0,,,0,0.0
316,P-1720,4. COSTO SUPERVISIÓN,0.0,,,0,0.0
317,P-1721,4. COSTO SUPERVISIÓN,0.0,STRIP CENTER LUIS PASTEUR,INMOBILIARIA LUIS PASTEUR S.A.,0,0.11177324008319828
318,P-1722,2. COSTO MATERIALES,0.0,ECO CERRILLOS,CONSTRUCTORA ICF SPA,0,0.0
319,P-1722,3. COSTO MANO DE OBRA,0.0,ECO CERRILLOS,CONSTRUCTORA ICF SPA,0,0.0
320,P-1722,4. COSTO SUPERVISIÓN,0.0,ECO CERRILLOS,CONSTRUCTORA ICF SPA,0,0.0
321,P-1723,4. COSTO SUPERVISIÓN,0.0,VILLA PANAMERICANA LOTE C,CONSTRUCTORA MENA Y OVALLE S.A.,0,0.38805324717138817
322,P-1724,4. COSTO SUPERVISIÓN,0.0,,,0,0.16255511463844796
323,P-1725,4. COSTO SUPERVISIÓN,0.0,LO CAÑAS,CONSTRUCTORA BRISAS DE BATUCO,0,-0.5016072817175361
324,P-1726,4. COSTO SUPERVISIÓN,0.0,,,0,0.5313318462478448
325,P-1727,4. COSTO SUPERVISIÓN,0.0,,,0,0.25384892318958857
326,P-1728,1. INGRESO,0.0,,,0,0.0
327,P-1728,4. COSTO SUPERVISIÓN,0.0,,,0,0.0
328,1. TOTAL,4. COSTO SUPERVISIÓN,0.0,1. TOTAL,1. TOTAL,-5096121,0.28651251887455664
329,1. TOTAL,1. INGRESO,,1. TOTAL,1. TOTAL,401907454,0.28651251887455664
330,1. TOTAL,2. COSTO MATERIALES,,1. TOTAL,1. TOTAL,-169774348,0.28651251887455664
331,1. TOTAL,3. COSTO MANO DE OBRA,,1. TOTAL,1. TOTAL,-111885468,0.28651251887455664
